1/23/1985,304880
1/30/1985,307120.6
2/6/1985,303779.1
2/13/1985,309743.3
2/20/1985,307846.8
2/27/1985,312227
3/6/1985,302096.9
3/13/1985,307361.7
3/20/1985,301744.5
3/27/1985,305828.5
4/3/1985,282298.2
4/10/1985,280769.6
4/17/1985,281740.6
4/24/1985,280508.7
5/1/1985,285804.9
5/8/1985,291818.1
5/15/1985,297957.3
5/22/1985,300278.8
5/29/1985,290074.5
6/5/1985,303506.3
6/12/1985,297320.5
6/19/1985,304800.7
6/26/1985,299129.6
7/3/1985,310572.5
7/10/1985,303454.6
7/17/1985,307793.3
7/24/1985,298985.1
7/31/1985,308256.1
8/7/1985,297825
8/14/1985,304766.8
8/21/1985,299194.3
8/28/1985,304724.4
9/4/1985,306435.1
9/11/1985,307838.4
9/18/1985,302804.6
9/25/1985,312319
10/2/1985,302166.1
10/9/1985,305557.1
10/16/1985,297318.4
10/23/1985,297619.7
10/30/1985,294947.2
11/6/1985,321299.9
11/13/1985,317705.1
11/20/1985,327154.9
11/27/1985,340528.3
12/4/1985,346362.8
12/11/1985,337124.3
12/18/1985,352471.1
12/25/1985,348708
1/1/1986,351907.9
1/8/1986,339752.3
1/15/1986,348089.2
1/22/1986,335572
1/29/1986,336475.5
2/5/1986,333611.6
2/12/1986,335625.8
2/19/1986,338056.3
2/26/1986,343040.2
3/5/1986,347695.7
3/12/1986,355682.8
3/19/1986,343178.6
3/26/1986,349576.1
4/2/1986,341197.4
4/9/1986,353947.1
4/16/1986,344404.7
4/23/1986,354437.8
4/30/1986,354443.9
5/7/1986,353178.4
5/14/1986,347152.9
5/21/1986,351265.1
5/28/1986,344805.6
6/4/1986,349889
6/11/1986,345196.2
6/18/1986,352035.4
6/25/1986,347146.7
7/2/1986,356765.8
7/9/1986,354618.9
7/16/1986,360147.7
7/23/1986,358266.4
7/30/1986,364327.5
8/6/1986,366650.3
8/13/1986,366388.4
8/20/1986,368579.2
8/27/1986,372908.4
9/3/1986,382662.3
9/10/1986,380990.1
9/17/1986,375448.8
9/24/1986,370734.8
10/1/1986,377736.5
10/8/1986,376611.5
10/15/1986,368132.5
10/22/1986,366015.3
10/29/1986,360253.5
11/5/1986,369868.3
11/12/1986,372381.7
11/19/1986,381797
11/26/1986,380407.9
12/3/1986,380451.3
12/10/1986,386817.4
12/17/1986,391189.4
12/24/1986,395287.4
12/31/1986,396731
1/7/1987,413049
1/14/1987,408803.3
1/21/1987,399918.7
1/28/1987,403680
2/4/1987,395693.5
2/11/1987,400654.4
2/18/1987,395443.9
2/25/1987,396542.4
3/4/1987,388861.8
3/11/1987,390398.7
3/18/1987,390761.3
3/25/1987,394722.2
4/1/1987,395216.5
4/8/1987,401908.7
4/15/1987,392110.3
4/22/1987,400832.2
4/29/1987,392768.8
5/6/1987,398296.1
5/13/1987,398710
5/20/1987,407830.2
5/27/1987,411366.9
6/3/1987,404805.4
6/10/1987,404465.9
6/17/1987,400870.5
6/24/1987,398171.9
7/1/1987,397319.7
7/8/1987,399859.6
7/15/1987,402160.1
7/22/1987,401420.2
7/29/1987,400595.4
8/5/1987,401029.8
8/12/1987,409687.6
8/19/1987,402361.5
8/26/1987,420113.8
9/2/1987,394015
9/9/1987,406947.5
9/16/1987,405270.7
9/23/1987,408467.3
9/30/1987,403623.9
10/7/1987,403963.2
10/14/1987,403265.5
10/21/1987,417760.2
10/28/1987,416392.1
11/4/1987,407074.3
11/11/1987,409514.4
11/18/1987,408161.3
11/25/1987,410869.6
12/2/1987,412162.2
12/9/1987,405313.9
12/16/1987,409054.5
12/23/1987,399229.6
12/30/1987,420342.7
1/6/1988,408659.4
1/13/1988,415129.6
1/20/1988,418681.3
1/27/1988,425970.6
2/3/1988,420019.4
2/10/1988,424800.9
2/17/1988,419069.9
2/24/1988,422243.6
3/2/1988,421979.6
3/9/1988,431158
3/16/1988,432769.6
3/23/1988,439153.1
3/30/1988,434633
4/6/1988,446193.7
4/13/1988,438596.5
4/20/1988,449241.8
4/27/1988,440034.7
5/4/1988,450932.7
5/11/1988,450111.7
5/18/1988,445204
5/25/1988,441126.2
6/1/1988,452696.3
6/8/1988,448972.1
6/15/1988,457466.8
6/22/1988,448758.7
6/29/1988,462034.8
7/6/1988,449098.9
7/13/1988,459224.3
7/20/1988,457750.1
7/27/1988,460000.3
8/3/1988,443429.7
8/10/1988,456002.5
8/17/1988,443626.1
8/24/1988,448845.2
8/31/1988,439746.2
9/7/1988,451778.8
9/14/1988,439079.4
9/21/1988,467192.8
9/28/1988,453548.1
10/5/1988,452695.6
10/12/1988,449563.4
10/19/1988,459741.1
10/26/1988,455940.9
11/2/1988,450722.9
11/9/1988,449636.1
11/16/1988,450549.5
11/23/1988,453073.9
11/30/1988,455008.1
12/7/1988,454860.6
12/14/1988,457045.8
12/21/1988,459672.1
12/28/1988,460760
1/4/1989,455590.1
1/11/1989,466020.1
1/18/1989,453920.5
1/25/1989,466184.2
2/1/1989,461433.4
2/8/1989,472649.5
2/15/1989,465330.3
2/22/1989,472235.4
3/1/1989,469111.4
3/8/1989,465504.2
3/15/1989,463445.3
3/22/1989,474448.8
3/29/1989,469566.2
4/5/1989,461163
4/12/1989,459573.3
4/19/1989,469066
4/26/1989,462151
5/3/1989,477625.2
5/10/1989,480318
5/17/1989,495864.6
5/24/1989,492242.8
5/31/1989,491211.5
6/7/1989,483148
6/14/1989,484074.9
6/21/1989,489622.6
6/28/1989,490625.7
7/5/1989,484976.8
7/12/1989,495641.5
7/19/1989,484018.7
7/26/1989,504275.9
8/2/1989,496499.7
8/9/1989,502431.5
8/16/1989,499383
8/23/1989,510638.7
8/30/1989,494723.2
9/6/1989,500463.7
9/13/1989,495324.7
9/20/1989,500712.6
9/27/1989,492854.4
10/4/1989,500185.2
10/11/1989,497586
10/18/1989,493465.9
10/25/1989,498011.1
11/1/1989,531054.1
11/8/1989,501959.8
11/15/1989,512824.3
11/22/1989,511485.7
11/29/1989,514907
12/6/1989,517159.8
12/13/1989,522548.7
12/20/1989,511424.6
12/27/1989,515911.8
1/3/1990,506215
1/10/1990,514438.3
1/17/1990,511719.9
1/24/1990,519999.4
1/31/1990,516508.1
2/7/1990,507899
2/14/1990,509167.7
2/21/1990,513553.1
2/28/1990,513266.4
3/7/1990,522137.9
3/14/1990,523533.9
3/21/1990,527937.5
3/28/1990,530911
4/4/1990,523334.9
4/11/1990,522960.6
4/18/1990,533985
4/25/1990,528910.4
5/2/1990,528294.4
5/9/1990,524651.2
5/16/1990,517955.2
5/23/1990,522792.1
5/30/1990,518502.3
6/6/1990,525384.9
6/13/1990,537819.2
6/20/1990,536039.7
6/27/1990,540490.7
7/4/1990,520271.8
7/11/1990,534724.5
7/18/1990,538864.9
7/25/1990,545767.8
8/1/1990,544944.4
8/8/1990,555958.5
8/15/1990,569113.2
8/22/1990,572186.7
8/29/1990,554775.6
9/5/1990,557795.8
9/12/1990,548722.7
9/19/1990,548525.8
9/26/1990,533499.8
10/3/1990,530011.1
10/10/1990,528011.3
10/17/1990,527263.8
10/24/1990,543905.5
10/31/1990,551405
11/7/1990,540378.5
11/14/1990,552696.9
11/21/1990,551278.2
11/28/1990,543346
12/5/1990,534158.4
12/12/1990,537914.6
12/19/1990,525036.9
12/26/1990,526174.8
1/2/1991,501968.8
1/9/1991,502528.9
1/16/1991,481484.2
1/23/1991,502510.9
1/30/1991,482977.4
2/6/1991,493620.7
2/13/1991,481843.3
2/20/1991,486061.1
2/27/1991,472507.6
3/6/1991,478761.5
3/13/1991,474462.2
3/20/1991,470274.5
3/27/1991,462456.3
4/3/1991,480556.7
4/10/1991,467471
4/17/1991,466935.8
4/24/1991,450366.2
5/1/1991,474011.8
5/8/1991,451764.3
5/15/1991,466086.3
5/22/1991,448154.5
5/29/1991,463657.9
6/5/1991,455622.6
6/12/1991,448613.2
6/19/1991,454689
6/26/1991,460545.9
7/3/1991,443540.1
7/10/1991,454876.4
7/17/1991,436311.1
7/24/1991,440908.6
7/31/1991,458678.7
8/7/1991,453803.6
8/14/1991,446542.3
8/21/1991,452436.3
8/28/1991,442283.4
9/4/1991,457250.8
9/11/1991,450773.2
9/18/1991,454136.8
9/25/1991,446546.8
10/2/1991,463815.7
10/9/1991,450360.5
10/16/1991,470348.3
10/23/1991,456737.7
10/30/1991,464306.5
11/6/1991,465028.4
11/13/1991,469535.3
11/20/1991,460789.4
11/27/1991,458009.4
12/4/1991,457992.3
12/11/1991,463583.4
12/18/1991,466093.2
12/25/1991,472465.6
1/1/1992,465705.1
1/8/1992,477787.1
1/15/1992,480595.6
1/22/1992,482247.4
1/29/1992,472277.8
2/5/1992,481294.3
2/12/1992,475798.7
2/19/1992,484945.6
2/26/1992,474395.8
3/4/1992,484705.3
3/11/1992,471745.5
3/18/1992,478813
3/25/1992,469891.9
4/1/1992,472686.4
4/8/1992,466433.9
4/15/1992,480682
4/22/1992,469176.3
4/29/1992,464198.3
5/6/1992,457806.3
5/13/1992,460239.1
5/20/1992,459298.6
5/27/1992,466419.7
6/3/1992,465059.3
6/10/1992,474469.9
6/17/1992,459420.3
6/24/1992,457835.2
7/1/1992,467667
7/8/1992,458217.4
7/15/1992,452877.2
7/22/1992,462140.3
7/29/1992,444517.2
8/5/1992,465420.2
8/12/1992,459958.7
8/19/1992,462567
8/26/1992,458296.1
9/2/1992,476942.5
9/9/1992,460416.8
9/16/1992,478643.4
9/23/1992,455985
9/30/1992,467184.2
10/7/1992,455102.4
10/14/1992,470593.4
10/21/1992,457401.6
10/28/1992,455708.2
11/4/1992,456842.4
11/11/1992,475555.9
11/18/1992,462397
11/25/1992,461230.8
12/2/1992,463032.8
12/9/1992,477767.3
12/16/1992,464731.6
12/23/1992,462603.3
12/30/1992,466813.8
1/6/1993,469061.3
1/13/1993,450253.8
1/20/1993,464838.3
1/27/1993,450302.5
2/3/1993,464949.2
2/10/1993,457369.3
2/17/1993,462047.3
2/24/1993,451754.1
3/3/1993,461276.5
3/10/1993,461763.6
3/17/1993,467540.7
3/24/1993,460378.4
3/31/1993,467076
4/7/1993,457470.5
4/14/1993,449741.3
4/21/1993,451810
4/28/1993,452720.2
5/5/1993,449981.7
5/12/1993,459102.2
5/19/1993,467818.2
5/26/1993,469261.4
6/2/1993,467431.4
6/9/1993,482031.6
6/16/1993,486197.3
6/23/1993,476460.5
6/30/1993,473224.8
7/7/1993,498918.7
7/14/1993,490088.9
7/21/1993,495861.3
7/28/1993,477859.3
8/4/1993,490088.4
8/11/1993,487477.2
8/18/1993,487755.1
8/25/1993,480385
9/1/1993,488624.5
9/8/1993,478439.9
9/15/1993,492035.2
9/22/1993,492717.6
9/29/1993,499870.3
10/6/1993,484940.7
10/13/1993,498617.5
10/20/1993,485971
10/27/1993,486852.8
11/3/1993,477083.4
11/10/1993,489074.5
11/17/1993,481683.7
11/24/1993,498320.7
12/1/1993,492054.2
12/8/1993,496338.3
12/15/1993,489220.6
12/22/1993,497222.8
12/29/1993,511931.8
1/5/1994,500022.2
1/12/1994,501776.9
1/19/1994,505154.8
1/26/1994,495066.9
2/2/1994,512456.7
2/9/1994,509952.5
2/16/1994,496753.2
2/23/1994,503306.7
3/2/1994,507770
3/9/1994,495698.6
3/16/1994,509730.6
3/23/1994,515842.3
3/30/1994,520968.2
4/6/1994,514313.8
4/13/1994,515779.7
4/20/1994,518907.7
4/27/1994,528702
5/4/1994,517971.6
5/11/1994,535360.5
5/18/1994,526898.6
5/25/1994,524586.3
6/1/1994,530598.3
6/8/1994,531807.8
6/15/1994,522443.2
6/22/1994,544590.7
6/29/1994,553528.6
7/6/1994,549443.9
7/13/1994,550966.4
7/20/1994,553493.8
7/27/1994,552128.7
8/3/1994,544383.9
8/10/1994,548217.5
8/17/1994,553881.4
8/24/1994,558219.6
8/31/1994,571814.7
9/7/1994,546072.9
9/14/1994,548175.4
9/21/1994,570206.4
9/28/1994,565851.7
10/5/1994,539139.2
10/12/1994,555935.8
10/19/1994,558878.4
10/26/1994,572159.7
11/2/1994,572861.7
11/9/1994,564884.7
11/16/1994,561729.3
11/23/1994,575477.3
11/30/1994,588003.7
12/7/1994,578975.1
12/14/1994,577364.2
12/21/1994,594283.3
12/28/1994,588146.3
1/4/1995,583805.8
1/11/1995,593533.8
1/18/1995,595656.4
1/25/1995,593262.8
2/1/1995,611010.1
2/8/1995,588672.3
2/15/1995,608585.8
2/22/1995,602992.8
3/1/1995,614007.7
3/8/1995,592407.8
3/15/1995,609339.8
3/22/1995,597992.8
3/29/1995,604240.2
4/5/1995,598021.7
4/12/1995,608600.3
4/19/1995,611640.1
4/26/1995,618415.9
5/3/1995,613461.2
5/10/1995,629210.9
5/17/1995,614332.9
5/24/1995,625674.1
5/31/1995,637303.3
6/7/1995,623470.6
6/14/1995,627349.3
6/21/1995,636451.9
6/28/1995,637278.1
7/5/1995,643761.6
7/12/1995,646538.4
7/19/1995,649976.4
7/26/1995,648943.4
8/2/1995,663615.6
8/9/1995,650483.8
8/16/1995,636162.5
8/23/1995,648729.9
8/30/1995,639677.1
9/6/1995,640338
9/13/1995,643022.4
9/20/1995,647655.3
9/27/1995,645473.5
10/4/1995,638817.5
10/11/1995,647125.3
10/18/1995,637402.7
10/25/1995,638608.8
11/1/1995,642322
11/8/1995,638836.8
11/15/1995,634071.6
11/22/1995,637802.1
11/29/1995,627680.2
12/6/1995,633065.7
12/13/1995,634994.4
12/20/1995,658341.3
12/27/1995,651015.9
1/3/1996,655138.7
1/10/1996,648234.5
1/17/1996,643334
1/24/1996,634655.3
1/31/1996,634097.1
2/7/1996,625955.9
2/14/1996,637392.7
2/21/1996,639608.7
2/28/1996,647043.8
3/6/1996,635682.7
3/13/1996,637469.4
3/20/1996,641728.2
3/27/1996,639282
4/3/1996,628134.5
4/10/1996,643326.2
4/17/1996,635823.6
4/24/1996,643308.5
5/1/1996,655406.6
5/8/1996,658502.2
5/15/1996,646380.1
5/22/1996,649119.7
5/29/1996,643520.8
6/5/1996,652695.4
6/12/1996,655519.8
6/19/1996,660734.2
6/26/1996,652655.3
7/3/1996,648766.4
7/10/1996,652322.8
7/17/1996,651520.4
7/24/1996,655541.1
7/31/1996,664214.2
8/7/1996,659236.3
8/14/1996,660834.6
8/21/1996,659552.1
8/28/1996,661857.3
9/4/1996,661467.7
9/11/1996,668935.7
9/18/1996,652901.4
9/25/1996,673898.9
10/2/1996,685996.9
10/9/1996,673751.6
10/16/1996,673592.2
10/23/1996,682263.1
10/30/1996,660179.9
11/6/1996,670792.5
11/13/1996,676150.9
11/20/1996,678526.7
11/27/1996,682832.8
12/4/1996,678103.9
12/11/1996,675545.4
12/18/1996,694951.4
12/25/1996,682046.2
1/1/1997,687503.8
1/8/1997,694009.9
1/15/1997,686883.1
1/22/1997,713517.8
1/29/1997,711248.7
2/5/1997,713152.5
2/12/1997,715842.2
2/19/1997,716232.4
2/26/1997,719018.6
3/5/1997,716260.9
3/12/1997,721702.6
3/19/1997,725316.6
3/26/1997,740334.4
4/2/1997,732888.4
4/9/1997,737270.9
4/16/1997,749956.1
4/23/1997,760704.5
4/30/1997,760468.6
5/7/1997,765270
5/14/1997,760135.2
5/21/1997,775509.8
5/28/1997,762063.5
6/4/1997,746000.5
6/11/1997,747791.8
6/18/1997,752285
6/25/1997,747426.2
7/2/1997,761638.6
7/9/1997,748863
7/16/1997,754365.4
7/23/1997,752250.6
7/30/1997,759901
8/6/1997,759541.4
8/13/1997,769743.4
8/20/1997,794482
8/27/1997,770050.4
9/3/1997,773007.9
9/10/1997,773472.8
9/17/1997,776755.9
9/24/1997,786148.8
10/1/1997,794715.6
10/8/1997,796064
10/15/1997,798330
10/22/1997,808458.1
10/29/1997,799184.1
11/5/1997,800887.9
11/12/1997,802182.3
11/19/1997,791153.9
11/26/1997,803601.6
12/3/1997,812102.9
12/10/1997,820831.6
12/17/1997,803256.5
12/24/1997,805307.2
12/31/1997,814316.2
1/7/1998,811825.4
1/14/1998,817333.7
1/21/1998,828015.8
1/28/1998,820876.1
2/4/1998,814772.7
2/11/1998,815019.6
2/18/1998,823008.7
2/25/1998,823173.1
3/4/1998,839432.7
3/11/1998,835642
3/18/1998,845672.1
3/25/1998,850657.3
4/1/1998,870206.1
4/8/1998,859806
4/15/1998,871806.9
4/22/1998,858047.8
4/29/1998,850631.5
5/6/1998,857890.5
5/13/1998,850975.9
5/20/1998,861553.7
5/27/1998,857575.3
6/3/1998,863742.1
6/10/1998,859416
6/17/1998,872189.7
6/24/1998,871831.4
7/1/1998,878597.7
7/8/1998,847388
7/15/1998,868373.3
7/22/1998,865063
7/29/1998,877664.6
8/5/1998,857768.2
8/12/1998,867724.1
8/19/1998,856869.9
8/26/1998,870210.3
9/2/1998,887066.8
9/9/1998,876192.8
9/16/1998,866212.8
9/23/1998,887682.8
9/30/1998,909709.9
10/7/1998,905060.7
10/14/1998,904911.3
10/21/1998,928346.5
10/28/1998,935943.5
11/4/1998,930698
11/11/1998,927796.8
11/18/1998,952393.4
11/25/1998,939852.1
12/2/1998,944239.9
12/9/1998,947574.1
12/16/1998,950939.3
12/23/1998,944085.7
12/30/1998,943784.3
1/6/1999,933166.5
1/13/1999,950743.7
1/20/1999,959435.7
1/27/1999,945164.4
2/3/1999,943792.4
2/10/1999,956668.9
2/17/1999,948897.2
2/24/1999,957370
3/3/1999,955288.5
3/10/1999,966569.4
3/17/1999,950229.3
3/24/1999,959955.3
3/31/1999,943335
4/7/1999,947649.5
4/14/1999,929390.7
4/21/1999,942667.2
4/28/1999,964314.4
5/5/1999,952096.5
5/12/1999,962781.1
5/19/1999,976159.8
5/26/1999,983041
6/2/1999,977426.8
6/9/1999,988604.8
6/16/1999,994532
6/23/1999,1021056
6/30/1999,992446.6
7/7/1999,999110
7/14/1999,996488.4
7/21/1999,1003007.2
7/28/1999,1000741.4
8/4/1999,984595.8
8/11/1999,1002374.4
8/18/1999,995539
8/25/1999,1001744
9/1/1999,1005860.9
9/8/1999,1000604
9/15/1999,991978
9/22/1999,1038310.4
9/29/1999,1022619.4
10/6/1999,1015308.1
10/13/1999,1007478.7
10/20/1999,1019570.5
10/27/1999,1012697.5
11/3/1999,1008278.4
11/10/1999,1000852.1
11/17/1999,1014191
11/24/1999,1031654.6
12/1/1999,1036280.7
12/8/1999,1042591.1
12/15/1999,1068323.5
12/22/1999,1088042.4
12/29/1999,1116856
1/5/2000,1096083.1
1/12/2000,1115645
1/19/2000,1093868.5
1/26/2000,1097673.5
2/2/2000,1100172.6
2/9/2000,1094105.4
2/16/2000,1085419.4
2/23/2000,1116062.9
3/1/2000,1102908.7
3/8/2000,1124187.5
3/15/2000,1119705
3/22/2000,1114820.8
3/29/2000,1106426.3
4/5/2000,1108299
4/12/2000,1120560.6
4/19/2000,1118532.5
4/26/2000,1146001.4
5/3/2000,1152244.5
5/10/2000,1164103
5/17/2000,1152037.9
5/24/2000,1145051.1
5/31/2000,1139111.1
6/7/2000,1127110
6/14/2000,1132168.8
6/21/2000,1164446.6
6/28/2000,1169801
7/5/2000,1160488.1
7/12/2000,1158450.2
7/19/2000,1174370.3
7/26/2000,1167140.6
8/2/2000,1144124
8/9/2000,1158747.9
8/16/2000,1159415.6
8/23/2000,1163039.4
8/30/2000,1152453.7
9/6/2000,1144681.9
9/13/2000,1143727.6
9/20/2000,1189193.6
9/27/2000,1159108.1
10/4/2000,1133478.8
10/11/2000,1141221.7
10/18/2000,1155928.5
10/25/2000,1148718.9
11/1/2000,1143891.8
11/8/2000,1145954.6
11/15/2000,1126775.8
11/22/2000,1132798
11/29/2000,1145655.2
12/6/2000,1174693.1
12/13/2000,1153040.9
12/20/2000,1178768.1
12/27/2000,1170380.6
1/3/2001,1185700
1/10/2001,1183398.5
1/17/2001,1187210.3
1/24/2001,1231126.1
1/31/2001,1226876.4
2/7/2001,1196253.1
2/14/2001,1203007.3
2/21/2001,1185110.9
2/28/2001,1191388.2
3/7/2001,1179866.3
3/14/2001,1176940.9
3/21/2001,1200892.1
3/28/2001,1192879.9
4/4/2001,1213275.3
4/11/2001,1210068.8
4/18/2001,1221204.3
4/25/2001,1211251.3
5/2/2001,1198190.1
5/9/2001,1200878.4
5/16/2001,1177689.9
5/23/2001,1176532.3
5/30/2001,1179118.1
6/6/2001,1168242.5
6/13/2001,1151981.9
6/20/2001,1157277.5
6/27/2001,1149595.4
7/4/2001,1161203.5
7/11/2001,1164549
7/18/2001,1165518.8
7/25/2001,1170427.3
8/1/2001,1161512.2
8/8/2001,1157704.3
8/15/2001,1147472.9
8/22/2001,1157931.8
8/29/2001,1184540.6
9/5/2001,1169043.1
9/12/2001,1297816
9/19/2001,1212415.6
9/26/2001,1175292.6
10/3/2001,1178043.6
10/10/2001,1183033.8
10/17/2001,1184908.4
10/24/2001,1179624
10/31/2001,1189694.4
11/7/2001,1180979.4
11/14/2001,1173368.1
11/21/2001,1163623.7
11/28/2001,1166379.9
12/5/2001,1166183.5
12/12/2001,1169148.8
12/19/2001,1162436.5
12/26/2001,1175460.4
1/2/2002,1169086.7
1/9/2002,1182948.4
1/16/2002,1175388.3
1/23/2002,1173335.6
1/30/2002,1157747.8
2/6/2002,1167195
2/13/2002,1170070.1
2/20/2002,1168299.6
2/27/2002,1171415.1
3/6/2002,1159128.9
3/13/2002,1128035.3
3/20/2002,1147309.1
3/27/2002,1152743.5
4/3/2002,1142122.9
4/10/2002,1144908
4/17/2002,1133269.1
4/24/2002,1143367.3
5/1/2002,1156535.1
5/8/2002,1138765.2
5/15/2002,1160688.2
5/22/2002,1164625.8
5/29/2002,1178556.5
6/5/2002,1182998.3
6/12/2002,1162620.3
6/19/2002,1136812.7
6/26/2002,1144708.2
7/3/2002,1119851.9
7/10/2002,1133124.3
7/17/2002,1138027.7
7/24/2002,1150839.2
7/31/2002,1183891
8/7/2002,1177526.3
8/14/2002,1196982.9
8/21/2002,1216452
8/28/2002,1222096.9
9/4/2002,1235046.7
9/11/2002,1210556.4
9/18/2002,1238966.4
9/25/2002,1244002.1
10/2/2002,1253453.4
10/9/2002,1249977
10/16/2002,1261553.7
10/23/2002,1257877.3
10/30/2002,1270091.7
11/6/2002,1281543
11/13/2002,1290370.6
11/20/2002,1291517.3
11/27/2002,1313631.1
12/4/2002,1288002
12/11/2002,1330542.5
12/18/2002,1328287.8
12/25/2002,1322557.1
1/1/2003,1306077
1/8/2003,1283636.5
1/15/2003,1269645.3
1/22/2003,1264681.1
1/29/2003,1254000.8
2/5/2003,1283491.8
2/12/2003,1267608.2
2/19/2003,1291802.7
2/26/2003,1322127.6
3/5/2003,1323665
3/12/2003,1344098.4
3/19/2003,1322750.5
3/26/2003,1330847.1
4/2/2003,1320867
4/9/2003,1325264.2
4/16/2003,1328209.1
4/23/2003,1330168.7
4/30/2003,1334738.3
5/7/2003,1360422.9
5/14/2003,1338494.7
5/21/2003,1359236
5/28/2003,1374465.2
6/4/2003,1379455.2
6/11/2003,1397619.3
6/18/2003,1383237
6/25/2003,1367686.5
7/2/2003,1420843.5
7/9/2003,1415780.7
7/16/2003,1405732.5
7/23/2003,1402518.5
7/30/2003,1411018.2
8/6/2003,1449961.9
8/13/2003,1411215.1
8/20/2003,1385956.2
8/27/2003,1369014.3
9/3/2003,1368932.9
9/10/2003,1366732.1
9/17/2003,1354749.4
9/24/2003,1338071.6
10/1/2003,1345140.2
10/8/2003,1335539.2
10/15/2003,1351274
10/22/2003,1339356.7
10/29/2003,1343889
11/5/2003,1334062.6
11/12/2003,1353534.7
11/19/2003,1352806.5
11/26/2003,1319907.1
12/3/2003,1322982.5
12/10/2003,1321725.5
12/17/2003,1395125.4
12/24/2003,1394956.6
12/31/2003,1368198.7
1/7/2004,1391314.9
1/14/2004,1395791.9
1/21/2004,1427641.9
1/28/2004,1473582.3
2/4/2004,1470542
2/11/2004,1516674.8
2/18/2004,1539417.5
2/25/2004,1436932.6
3/3/2004,1450577.3
3/10/2004,1450678.7
3/17/2004,1467852.8
3/24/2004,1458960.1
3/31/2004,1468507.4
4/7/2004,1471738
4/14/2004,1489700.2
4/21/2004,1481773.2
4/28/2004,1492875.1
5/5/2004,1466267.3
5/12/2004,1477168.1
5/19/2004,1453336.1
5/26/2004,1464113.5
6/2/2004,1472165.4
6/9/2004,1481771.5
6/16/2004,1507515.9
6/23/2004,1528464.1
6/30/2004,1536370.4
7/7/2004,1555254.8
7/14/2004,1545998.7
7/21/2004,1530807.9
7/28/2004,1525925.6
8/4/2004,1524696.9
8/11/2004,1518233.4
8/18/2004,1522417.8
8/25/2004,1494842.5
9/1/2004,1509880.6
9/8/2004,1503330
9/15/2004,1542905.2
9/22/2004,1548206.7
9/29/2004,1546878.1
10/6/2004,1535420.7
10/13/2004,1520975.2
10/20/2004,1539726.7
10/27/2004,1518368.6
11/3/2004,1524423.1
11/10/2004,1542822.1
11/17/2004,1478858.5
11/24/2004,1507905.7
12/1/2004,1510847.4
12/8/2004,1506464.5
12/15/2004,1519408.8
12/22/2004,1443237.8
12/29/2004,1447479.3
1/5/2005,1475378.1
1/12/2005,1453547.9
1/19/2005,1473692.7
1/26/2005,1466892.9
2/2/2005,1494065
2/9/2005,1473044.5
2/16/2005,1488900.7
2/23/2005,1523619.1
3/2/2005,1516001.2
3/9/2005,1506114.1
3/16/2005,1554218.5
3/23/2005,1531001.5
3/30/2005,1513306.1
4/6/2005,1504279.6
4/13/2005,1518415.5
4/20/2005,1534608.4
4/27/2005,1551309.5
5/4/2005,1554464
5/11/2005,1548415.6
5/18/2005,1552213
5/25/2005,1551704
6/1/2005,1539195.3
6/8/2005,1537701.6
6/15/2005,1531430.1
6/22/2005,1538963.2
6/29/2005,1527255.1
7/6/2005,1526781.3
7/13/2005,1535535.8
7/20/2005,1545993.3
7/27/2005,1550506.5
8/3/2005,1562339.5
8/10/2005,1560199.6
8/17/2005,1563953
8/24/2005,1594820.2
8/31/2005,1582325.1
9/7/2005,1575909.8
9/14/2005,1554719.5
9/21/2005,1590105
9/28/2005,1591979.2
10/5/2005,1555536.2
10/12/2005,1576909
10/19/2005,1571071.3
10/26/2005,1582175.1
11/2/2005,1588119.7
11/9/2005,1581829.9
11/16/2005,1588239
11/23/2005,1616259.6
11/30/2005,1596447.8
12/7/2005,1621631.1
12/14/2005,1633599.5
12/21/2005,1655795.1
12/28/2005,1656115.9
1/4/2006,1628042
1/11/2006,1640653.7
1/18/2006,1689914.5
1/25/2006,1691471.7
2/1/2006,1702394.7
2/8/2006,1698870.8
2/15/2006,1695235.3
2/22/2006,1691686.2
3/1/2006,1704553.2
3/8/2006,1697727.1
3/15/2006,1719002.5
3/22/2006,1685344.5
3/29/2006,1696224.4
4/5/2006,1683414.7
4/12/2006,1691517.4
4/19/2006,1679603.8
4/26/2006,1708453.9
5/3/2006,1710812.3
5/10/2006,1732383.1
5/17/2006,1721877.9
5/24/2006,1739547.1
5/31/2006,1752027
6/7/2006,1747408.2
6/14/2006,1752235.3
6/21/2006,1739197.1
6/28/2006,1725458.6
7/5/2006,1707959.7
7/12/2006,1704265
7/19/2006,1737342.6
7/26/2006,1721531.4
8/2/2006,1714681
8/9/2006,1693504.1
8/16/2006,1687560.3
8/23/2006,1710974.6
8/30/2006,1714210.1
9/6/2006,1713849.7
9/13/2006,1736702.4
9/20/2006,1757601.3
9/27/2006,1791204.5
10/4/2006,1844290.7
10/11/2006,1834164.4
10/18/2006,1792504.6
10/25/2006,1820577.6
11/1/2006,1851268.2
11/8/2006,1847061
11/15/2006,1833557
11/22/2006,1859555.2
11/29/2006,1874147.7
12/6/2006,1876595.9
12/13/2006,1851651.7
12/20/2006,1868847.5
12/27/2006,1889650
1/3/2007,1878186.8
1/10/2007,1871303.9
1/17/2007,1889424.3
1/24/2007,1897294.8
1/31/2007,1926778.8
2/7/2007,1893527.1
2/14/2007,1906449.5
2/21/2007,1879032.3
2/28/2007,1933450.2
3/7/2007,1928483.5
3/14/2007,1901956.8
3/21/2007,1881573.1
3/28/2007,1911284.8
4/4/2007,1919302.8
4/11/2007,1930764.6
4/18/2007,1914136.4
4/25/2007,1929052.3
5/2/2007,1935117.5
5/9/2007,1918935.9
5/16/2007,1905396.3
5/23/2007,1898111.4
5/30/2007,1920317.3
6/6/2007,1932873.3
6/13/2007,1928983.4
6/20/2007,1983999.9
6/27/2007,1970756.3
7/4/2007,1990036.4
7/11/2007,1978915.4
7/18/2007,1995652.5
7/25/2007,2005295.2
8/1/2007,1994360.7
8/8/2007,1993977.3
8/15/2007,2045904.5
8/22/2007,2048668.7
8/29/2007,2069831.8
9/5/2007,2066346.9
9/12/2007,2088066
9/19/2007,2077091.5
9/26/2007,2093753.7
10/3/2007,2086517.5
10/10/2007,2061066.2
10/17/2007,2027844.2
10/24/2007,2037822
10/31/2007,2073795.5
11/7/2007,2062426.3
11/14/2007,2080131.2
11/21/2007,2099937.6
11/28/2007,2102584.1
12/5/2007,2120687.3
12/12/2007,2094714.2
12/19/2007,2161120
12/26/2007,2163541.4
1/2/2008,2138249.4
1/9/2008,2126392.3
1/16/2008,2124609
1/23/2008,2132442
1/30/2008,2155300.7
2/6/2008,2148516.1
2/13/2008,2147117.5
2/20/2008,2160311.5
2/27/2008,2156072.9
3/5/2008,2163930.3
3/12/2008,2162839.7
3/19/2008,2201711.8
3/26/2008,2214896.6
4/2/2008,2212145.5
4/9/2008,2176436.1
4/16/2008,2159202.9
4/23/2008,2196071.7
4/30/2008,2269074.8
5/7/2008,2239676.3
5/14/2008,2226193.1
5/21/2008,2224313.6
5/28/2008,2235710.2
6/4/2008,2225942.6
6/11/2008,2208597.4
6/18/2008,2211459.4
6/25/2008,2227909.2
7/2/2008,2224020.9
7/9/2008,2204301.4
7/16/2008,2237955.7
7/23/2008,2254935.4
7/30/2008,2270201
8/6/2008,2253337.3
8/13/2008,2259861.9
8/20/2008,2222616.4
8/27/2008,2239535.9
9/3/2008,2244806.4
9/10/2008,2244437.6
9/17/2008,2256612.8
9/24/2008,2314236
10/1/2008,2511637.7
10/8/2008,2475307.3
10/15/2008,2542716.8
10/22/2008,2655117.8
10/29/2008,2629541.6
11/5/2008,2579512.1
11/12/2008,2620504.8
11/19/2008,2589099.2
11/26/2008,2555964.7
12/3/2008,2544723.3
12/10/2008,2461318.9
12/17/2008,2461071.7
12/24/2008,2452429.5
12/31/2008,2432238.4
1/7/2009,2408352.2
1/14/2009,2351534.9
1/21/2009,2437239.5
1/28/2009,2407052.9
2/4/2009,2385192.8
2/11/2009,2388665.3
2/18/2009,2417902.8
2/25/2009,2413596.7
3/4/2009,2445957.2
3/11/2009,2440031.8
3/18/2009,2440170.2
3/25/2009,2417724.1
4/1/2009,2414745.3
4/8/2009,2378444.9
4/15/2009,2399650.6
4/22/2009,2411473.2
4/29/2009,2395208.2
5/6/2009,2370004
5/13/2009,2403232.9
5/20/2009,2437656.2
5/27/2009,2379290.3
6/3/2009,2389204.5
6/10/2009,2376953.2
6/17/2009,2333802
6/24/2009,2301474.1
7/1/2009,2294315.4
7/8/2009,2274233.6
7/15/2009,2209386.4
7/22/2009,2206381.4
7/29/2009,2172732.3
8/5/2009,2123449.9
8/12/2009,2127033.7
8/19/2009,2141819.5
8/26/2009,2118033.3
9/2/2009,2079032.5
9/9/2009,2079993.9
9/16/2009,2052899.2
9/23/2009,2064476.7
9/30/2009,1926128.8
10/7/2009,1990289.8
10/14/2009,1966099.2
10/21/2009,1971819.4
10/28/2009,1959625.9
11/4/2009,1960728.8
11/11/2009,1942694.3
11/18/2009,1941766.7
11/25/2009,1940238.5
12/2/2009,1919695.7
12/9/2009,1914062.4
12/16/2009,1908859.6
12/23/2009,1887119.8
12/30/2009,1897460
1/6/2010,1888263
1/13/2010,1896655
1/20/2010,1854181
1/27/2010,1860624
2/3/2010,1845226.1
2/10/2010,1835336.6
2/17/2010,1829905.6
2/24/2010,1826076.2
3/3/2010,1824452.2
3/10/2010,1834338.5
3/17/2010,1815523.9
3/24/2010,1799389.7
3/31/2010,2013117.2
4/7/2010,2130627.3
4/14/2010,2112245.3
4/21/2010,2103419
4/28/2010,2097296.4
5/5/2010,2054296
5/12/2010,2055056.5
5/19/2010,2040575.9
5/26/2010,2040562.8
6/2/2010,2012473.5
6/9/2010,2017017.9
6/16/2010,2019155.5
6/23/2010,1998206.4
6/30/2010,1932422.5
7/7/2010,1970406.6
7/14/2010,1955069.6
7/21/2010,1964357.1
7/28/2010,1958317.6
8/4/2010,1981228.4
8/11/2010,1970819.8
8/18/2010,1968120.1
8/25/2010,1950569.1
9/1/2010,1955535.6
9/8/2010,1962048.2
9/15/2010,1931533.1
9/22/2010,1933244.9
9/29/2010,1909820
10/6/2010,1929993.5
10/13/2010,1933952.8
10/20/2010,1931009.7
10/27/2010,1913369.8
11/3/2010,1905994.9
11/10/2010,1891251.8
11/17/2010,1865433.3
11/24/2010,1881149.1
12/1/2010,1875839.2
12/8/2010,1909753.2
12/15/2010,1887932.2
12/22/2010,1891046.8
12/29/2010,1888962.1
1/5/2011,1823872.3
1/12/2011,1805818.3
1/19/2011,1779580.3
1/26/2011,1746463.4
2/2/2011,1753761.3
2/9/2011,1785692.4
2/16/2011,1761847.2
2/23/2011,1803471.3
3/2/2011,1779422.6
3/9/2011,1798682.3
3/16/2011,1757080.8
3/23/2011,1813273.9
3/30/2011,1774986.4
4/6/2011,1735093.9
4/13/2011,1725103.5
4/20/2011,1757240.9
4/27/2011,1715998.6
5/4/2011,1710825.4
5/11/2011,1693411.6
5/18/2011,1681244.8
5/25/2011,1650066.9
6/1/2011,1651187.1
6/8/2011,1648434.2
6/15/2011,1653247.2
6/22/2011,1686234.7
6/29/2011,1728147.5
7/6/2011,1673819.9
7/13/2011,1665395.8
7/20/2011,1651993.9
7/27/2011,1656686.7
8/3/2011,1631780.6
8/10/2011,1648031
8/17/2011,1653545.4
8/24/2011,1658063.6
8/31/2011,1632021.8
9/7/2011,1621620.1
9/14/2011,1622747.3
9/21/2011,1610262.3
9/28/2011,1623492.6
10/5/2011,1617508.7
10/12/2011,1594348.8
10/19/2011,1588791.4
10/26/2011,1575827.9
11/2/2011,1599627.7
11/9/2011,1595771.8
11/16/2011,1612228.3
11/23/2011,1600549.8
11/30/2011,1617240
12/7/2011,1619024.5
12/14/2011,1617258.2
12/21/2011,1613127.8
12/28/2011,1634354.1
1/4/2012,1613564.5
1/11/2012,1565483.6
1/18/2012,1564222.8
1/25/2012,1576874.3
2/1/2012,1572603.5
2/8/2012,1568109.7
2/15/2012,1599246.1
2/22/2012,1583580.4
2/29/2012,1571034.4
3/7/2012,1562202.7
3/14/2012,1567032.6
3/21/2012,1577779.3
3/28/2012,1570904.4
4/4/2012,1559388.5
4/11/2012,1563775.4
4/18/2012,1564482.2
4/25/2012,1547177.2
5/2/2012,1591147.2
5/9/2012,1573377.8
5/16/2012,1570132.4
5/23/2012,1577994.4
5/30/2012,1576752.9
6/6/2012,1567715
6/13/2012,1579007.1
6/20/2012,1566240.6
6/27/2012,1574713.8
7/4/2012,1582200.6
7/11/2012,1579013.4
7/18/2012,1574996.1
7/25/2012,1563816.6
8/1/2012,1562212.7
8/8/2012,1561000.4
8/15/2012,1556625.1
8/22/2012,1545288
8/29/2012,1566699.5
9/5/2012,1572464.1
9/12/2012,1561997.5
9/19/2012,1550534.8
9/26/2012,1575214.2
10/3/2012,1565780.3
10/10/2012,1529186.8
10/17/2012,1556047.2
10/24/2012,1538483.6
10/31/2012,1563422.2
11/7/2012,1535875.1
11/14/2012,1557640.9
11/21/2012,1522331.2
11/28/2012,1546293.5
12/5/2012,1537248
12/12/2012,1547456
12/19/2012,1542121.7
12/26/2012,1549672.1
1/2/2013,1595093.6
1/9/2013,1562845
1/16/2013,1561173
1/23/2013,1545743.7
1/30/2013,1567690.1
2/6/2013,1566078.4
2/13/2013,1569233
2/20/2013,1550563
2/27/2013,1569087.1
3/6/2013,1540427.3
3/13/2013,1559012.3
3/20/2013,1563295.5
3/27/2013,1555963.1
4/3/2013,1546345.9
4/10/2013,1534668.5
4/17/2013,1550279
4/24/2013,1529871.9
5/1/2013,1539276.6
5/8/2013,1534014.9
5/15/2013,1546239.5
5/22/2013,1527778.8
5/29/2013,1535241.6
6/5/2013,1534415.9
6/12/2013,1539522.6
6/19/2013,1510345.5
6/26/2013,1530789.9
7/3/2013,1517138.2
7/10/2013,1513390.1
7/17/2013,1526398.3
7/24/2013,1504353.5
7/31/2013,1509026.7
8/7/2013,1531352
8/14/2013,1523784.9
8/21/2013,1502870.8
8/28/2013,1511268.2
9/4/2013,1510774
9/11/2013,1516222.8
9/18/2013,1514148.7
9/25/2013,1519375.6
10/2/2013,1541511.6
10/9/2013,1527839.1
10/16/2013,1516906.5
10/23/2013,1529304
10/30/2013,1532180.2
11/6/2013,1541613.6
11/13/2013,1544977.2
11/20/2013,1533475.9
11/27/2013,1545188.8
12/4/2013,1544510.1
12/11/2013,1558948.7
12/18/2013,1557422
12/25/2013,1541173.7
1/1/2014,1492352.8
1/8/2014,1536285.3
1/15/2014,1554502.2
1/22/2014,1549583.8
1/29/2014,1564470.6
2/5/2014,1553386.2
2/12/2014,1546073.7
2/19/2014,1546071
2/26/2014,1538838.5
3/5/2014,1560351.6
3/12/2014,1578477.7
3/19/2014,1595767.7
3/26/2014,1614434.8
4/2/2014,1618483.9
4/9/2014,1616779.1
4/16/2014,1625688.8
4/23/2014,1619452.4
4/30/2014,1625120.4
5/7/2014,1617247.8
5/14/2014,1626456
5/21/2014,1627470.1
5/28/2014,1661385.2
6/4/2014,1693878.7
6/11/2014,1690600.6
6/18/2014,1692247.5
6/25/2014,1695323.3
7/2/2014,1719090.7
7/9/2014,1717598
7/16/2014,1714318.1
7/23/2014,1702314.8
7/30/2014,1741607.9
8/6/2014,1730002
8/13/2014,1726740.3
8/20/2014,1729554
8/27/2014,1731957.4
9/3/2014,1728470.4
9/10/2014,1736029.2
9/17/2014,1732992.6
9/24/2014,1750712.7
10/1/2014,1767940.7
10/8/2014,1769000.4
10/15/2014,1770253.9
10/22/2014,1765597.2
10/29/2014,1755685.5
11/5/2014,1764866.5
11/12/2014,1765306.2
11/19/2014,1771826.1
11/26/2014,1774439.7
12/3/2014,1778647.2
12/10/2014,1775984.8
12/17/2014,1781731.6
12/24/2014,1802607.2
12/31/2014,1755508.3
1/7/2015,1801150.8
1/14/2015,1799496.7
1/21/2015,1800097.7
1/28/2015,1788976.1
2/4/2015,1779798.9
2/11/2015,1771813.4
2/18/2015,1771234.9
2/25/2015,1779701.4
3/4/2015,1798925.7
3/11/2015,1805050.8
3/18/2015,1826799
3/25/2015,1832598.6
4/1/2015,1818767.6
4/8/2015,1831198.5
4/15/2015,1828648.4
4/22/2015,1844196
4/29/2015,1835282.8
5/6/2015,1835143
5/13/2015,1832808.6
5/20/2015,1827135.3
5/27/2015,1842395.5
6/3/2015,1847400.2
6/10/2015,1851582.9
6/17/2015,1850048.7
6/24/2015,1835549.4
7/1/2015,1829035.2
7/8/2015,1837745.1
7/15/2015,1838022.8
7/22/2015,1848598.4
7/29/2015,1853130.1
8/5/2015,1809524.9
8/12/2015,1834108.2
8/19/2015,1858649.6
8/26/2015,1861618.4
9/2/2015,1835971.9
9/9/2015,1833628
9/16/2015,1823750.8
9/23/2015,1826444.7
9/30/2015,1725984.2
10/7/2015,1870301
10/14/2015,1865742.9
10/21/2015,1896418.7
10/28/2015,1903687.2
11/4/2015,1894318.4
11/11/2015,1896505.2
11/18/2015,1899468.4
11/25/2015,1896651.3
12/2/2015,1895215.2
12/9/2015,1898802.1
12/16/2015,1897311.2
12/23/2015,1910657.1
12/30/2015,1887377
1/6/2016,1900277.7
1/13/2016,1911206.7
1/20/2016,1900384
1/27/2016,1898903.2
2/3/2016,1926309.9
2/10/2016,1925478.6
2/17/2016,1914766.5
2/24/2016,1937736.6
3/2/2016,1951148.3
3/9/2016,1962946.5
3/16/2016,1957524.5
3/23/2016,1965956.4
3/30/2016,1930661.1
4/6/2016,1952679.7
4/13/2016,1962053.1
4/20/2016,1961437
4/27/2016,1981929.2
5/4/2016,1962879
5/11/2016,1975576.6
5/18/2016,1975992
5/25/2016,1989648
6/1/2016,1984347.5
6/8/2016,1996791.7
6/15/2016,1986437.3
6/22/2016,1985641.5
6/29/2016,1936308.1
7/6/2016,1984826.8
7/13/2016,1974210.9
7/20/2016,2005979.4
7/27/2016,1999646.7
8/3/2016,2003866.2
8/10/2016,1994693
8/17/2016,1997520
8/24/2016,1990542.7
8/31/2016,1994344.4
9/7/2016,1981189.5
9/14/2016,1997188.3
9/21/2016,2021061.1
9/28/2016,1971215.4
10/5/2016,1962790.9
10/12/2016,1980508.2
10/19/2016,1988170.3
10/26/2016,1964361.4
11/2/2016,1965483.7
11/9/2016,1944849.6
11/16/2016,1982736
11/23/2016,1987230.6
11/30/2016,1978435.8
12/7/2016,1973221.8
12/14/2016,1995403.7
12/21/2016,1953286.8
12/28/2016,1967916.6
1/4/2017,1969161
1/11/2017,1955314.4
1/18/2017,1958530.9
1/25/2017,1975707.1
2/1/2017,1985281.6
2/8/2017,1992262.4
2/15/2017,1999683.3
2/22/2017,2016601.8
3/1/2017,2000852.8
3/8/2017,1998588.7
3/15/2017,1990830.7
3/22/2017,1975666.5
3/29/2017,1966588.3
4/5/2017,1977582.6
4/12/2017,1981476.4
4/19/2017,1988677.8
4/26/2017,1989741.4
5/3/2017,1971961.5
5/10/2017,1972236.2
5/17/2017,1976333.4
5/24/2017,2001206.4
5/31/2017,1962678.2
6/7/2017,1972635.3
6/14/2017,1957025.1
6/21/2017,2013105.8
6/28/2017,2000471.5
7/5/2017,1968015.4
7/12/2017,1996521.3
7/19/2017,2011667.7
7/26/2017,2027359.9
8/2/2017,2039401.6
8/9/2017,2069480.8
8/16/2017,2055584.5
8/23/2017,2071759.8
8/30/2017,2065289.8
9/6/2017,2053744.3
9/13/2017,2059356.9
9/20/2017,2045772.9
9/27/2017,2060098.6
10/4/2017,2028069.8
10/11/2017,2016347.1
10/18/2017,2040366.2
10/25/2017,2040052.2
11/1/2017,2046511
11/8/2017,2056668.1
11/15/2017,2050328.4
11/22/2017,2058064
11/29/2017,2096710.3
12/6/2017,2100536
12/13/2017,2105073.8
12/20/2017,2100455.9
12/27/2017,2079659.9
1/3/2018,2109084.9
1/10/2018,2094722.8
1/17/2018,2104148.3
1/24/2018,2123630.6
1/31/2018,2111542.3
2/7/2018,2114102.5
2/14/2018,2126714.8
2/21/2018,2129174.1
2/28/2018,2108808.8
3/7/2018,2101900.6
3/14/2018,2068411.2
3/21/2018,2080753.5
3/28/2018,2024664.5
4/4/2018,2019391.1
4/11/2018,2014904.2
4/18/2018,2047218.7
4/25/2018,2041563
5/2/2018,2062583.8
5/9/2018,2058332
5/16/2018,2058073.6
5/23/2018,2040017.5
5/30/2018,2042977.8
6/6/2018,2045453.3
6/13/2018,2066358.4
6/20/2018,2054681.5
6/27/2018,2039418.4
7/4/2018,2027331.6
7/11/2018,2011967.4
7/18/2018,2013420
7/25/2018,1988937.6
8/1/2018,1988001.3
8/8/2018,1975007.3
8/15/2018,1958604.3
8/22/2018,1958904.1
8/29/2018,1963847.6
9/5/2018,1956791.4
9/12/2018,1961400.6
9/19/2018,1926146.4
9/26/2018,1954770.4
10/3/2018,1993977.3
10/10/2018,1970555.5
10/17/2018,1966368
10/24/2018,1969804.2
10/31/2018,1965934.6
11/7/2018,1964695.6
11/14/2018,1979113.1
11/21/2018,1979424.3
11/28/2018,1972931.7
12/5/2018,1932970
12/12/2018,1951843.4
12/19/2018,1949090.4
12/26/2018,1970603.8
1/2/2019,1985414.6
1/9/2019,1957221
1/16/2019,1981012.3
1/23/2019,1963365.6
1/30/2019,1960482
2/6/2019,1953292.9
2/13/2019,1955318.5
2/20/2019,1949974.2
2/27/2019,1962298.8
3/6/2019,1961978.6
3/13/2019,1963359.9
3/20/2019,1952810.7
3/27/2019,1956861.7
4/3/2019,2012863.5
4/10/2019,1997775.6
4/17/2019,1983301.1
4/24/2019,1978080
5/1/2019,2004812.2
5/8/2019,1984749.2
5/15/2019,1997382.7
5/22/2019,1982385.1
5/29/2019,1994892.8
6/5/2019,1994855.2
6/12/2019,2005925.4
6/19/2019,1990114.8
6/26/2019,1989631.6
7/3/2019,2034896.3
7/10/2019,2006762
7/17/2019,1987995.2
7/24/2019,1992205.2
7/31/2019,1993613.1
8/7/2019,2002036.7
8/14/2019,2011935
8/21/2019,2016346.3
8/28/2019,1996467.2
9/4/2019,2001022.5
9/11/2019,1988492.8
9/18/2019,2006442.1
9/25/2019,1991689.4
10/2/2019,1992731.8
10/9/2019,1971125.8
10/16/2019,1988147.5
10/23/2019,1974981.1
10/30/2019,1990940.1
11/6/2019,1990124.8
11/13/2019,1986187.8
11/20/2019,1969708.1
11/27/2019,1977371.4
12/4/2019,1995983.8
12/11/2019,1991007.3
12/18/2019,1983633.3
12/25/2019,1999629.9
1/1/2020,1957173.3
1/8/2020,1973822
1/15/2020,1959978.4
1/22/2020,1967516.4
1/29/2020,1968261.3
2/5/2020,1974167.9
2/12/2020,1980766
2/19/2020,1975757.9
2/26/2020,1957031.6
3/4/2020,2029304.5
3/11/2020,2079807
3/18/2020,2217325
