,Open,High,Low,Close,Adj Close,Volume
1/29/1985,1277.719971,1295.48999,1266.890015,1292.619995,1292.619995,13560000
1/30/1985,1297.369995,1305.099976,1278.930054,1294.290861,1287.880005,16820000
1/31/1985,1283.23999,1293.400024,1272.640015,1295.96605,1286.77002,14070000
2/1/1985,1276.939941,1286.109985,1269.77002,1297.645578,1277.719971,10980000
2/2/1985,1272.079956,1294.939941,1268.98999,1299.329462,1290.079956,11630000
2/3/1985,1294.060059,1301.130005,1278.599976,1301.017719,1285.22998,13800000
2/4/1985,1284.890015,1294.5,1275.069946,1302.710366,1280.589966,14610000
2/5/1985,1285,1297.040039,1279.810059,1304.407421,1290.079956,11440000
2/6/1985,1290.079956,1297.150024,1281.359985,1306.1089,1289.969971,8000000
2/7/1985,1287.98999,1291.73999,1268.660034,1307.81482,1276.060059,12600000
2/8/1985,1271.199951,1283.130005,1266.339966,1309.5252,1276.609985,11870000
2/9/1985,1277.829956,1304.660034,1274.51001,1311.240056,1297.920044,14050000
2/10/1985,1301.790039,1307.530029,1283.680054,1312.959406,1287.880005,14020000
2/11/1985,1289.199951,1296.27002,1275.069946,1314.683269,1282.02002,8730000
2/12/1985,1279.810059,1287.430054,1273.52002,1316.411661,1280.589966,6690000
2/13/1985,1280.150024,1292.51001,1272.530029,1318.1446,1283.130005,10760000
2/14/1985,1280.369995,1287.099976,1272.640015,1319.882106,1279.040039,8600000
2/15/1985,1277.939941,1286.550049,1269.98999,1321.624194,1275.839966,8500000
2/16/1985,1269.98999,1283.130005,1263.910034,1323.370885,1277.5,8420000
2/17/1985,1276.280029,1293.180054,1272.310059,1325.122195,1286.109985,11910000
2/18/1985,1285.670044,1295.27002,1274.400024,1326.878144,1281.030029,11900000
2/19/1985,1278.050049,1288.319946,1271.420044,1328.63875,1284.01001,8790000
2/20/1985,1285.339966,1309.959961,1282.689941,1330.404031,1299.359985,14730000
2/21/1985,1299.910034,1304.550049,1283.130005,1332.174006,1289.530029,12010000
2/22/1985,1290.079956,1300.02002,1281.030029,1333.948693,1291.849976,10060000
2/23/1985,1291.849976,1296.930054,1275.51001,1335.728112,1280.369995,10990000
2/24/1985,1276.829956,1283.23999,1265.459961,1337.512282,1271.530029,9870000
2/25/1985,1273.410034,1280.810059,1264.130005,1339.301221,1269.660034,9120000
2/26/1985,1268.77002,1277.050049,1260.930054,1341.094949,1268.550049,7710000
2/27/1985,1267.560059,1279.47998,1262.47998,1342.893485,1271.75,8340000
2/28/1985,1270.97998,1278.27002,1257.619995,1344.696847,1261.699951,8840000
3/1/1985,1258.719971,1269.209961,1254.199951,1346.505057,1260.050049,7950000
3/2/1985,1259.719971,1266.890015,1245.140015,1348.318133,1247.349976,11280000
3/3/1985,1252.650024,1260.930054,1242.819946,1350.136095,1249.670044,8270000
3/4/1985,1249.01001,1274.180054,1245.689941,1351.958962,1271.089966,8990000
3/5/1985,1271.530029,1277.390015,1257.839966,1353.786755,1265.23999,10540000
3/6/1985,1263.800049,1278.930054,1257.619995,1355.619494,1268.219971,9630000
3/7/1985,1272.420044,1277.390015,1261.699951,1357.457198,1267.449951,7800000
3/8/1985,1261.699951,1268.329956,1252.869995,1359.299888,1259.939941,7930000
3/9/1985,1257.069946,1267.560059,1252.099976,1361.147584,1259.719971,9520000
3/10/1985,1260.160034,1270.869995,1255.959961,1363.000307,1264.910034,8960000
3/11/1985,1265.900024,1275.51001,1256.630005,1364.858077,1260.709961,8700000
3/12/1985,1263.469971,1270.650024,1255.849976,1366.720914,1266.780029,9810000
3/13/1985,1264.800049,1276.280029,1260.48999,1368.58884,1272.75,6930000
3/14/1985,1273.959961,1280.150024,1261.47998,1370.461876,1265.680054,8460000
3/15/1985,1264.689941,1268.109985,1251.550049,1372.340042,1258.060059,9310000
3/16/1985,1256.290039,1264.23999,1248.339966,1374.223359,1259.050049,6920000
3/17/1985,1259.5,1267.01001,1246.02002,1376.111849,1252.97998,7940000
3/18/1985,1252.209961,1262.040039,1246.579956,1378.005532,1253.859985,8010000
3/19/1985,1256.849976,1269.099976,1252.099976,1379.904432,1259.939941,9130000
3/20/1985,1265.23999,1274.849976,1257.180054,1381.808568,1263.689941,10800000
3/21/1985,1263.689941,1270.430054,1257.290039,1383.717963,1265.680054,7320000
3/22/1985,1262.589966,1272.420044,1257.839966,1385.632638,1266.780029,6870000
3/23/1985,1268.109985,1276.609985,1256.959961,1387.552616,1269.550049,9870000
3/24/1985,1269.660034,1277.5,1263.469971,1389.477918,1272.310059,9120000
3/25/1985,1278.819946,1281.910034,1260.819946,1391.408567,1265.130005,11170000
3/26/1985,1265.130005,1272.530029,1258.5,1393.344585,1266.560059,8740000
3/27/1985,1269.77002,1273.630005,1257.619995,1395.285994,1266.560059,7080000
3/28/1985,1265.349976,1282.910034,1261.150024,1397.232817,1278.709961,10790000
3/29/1985,1279.48999,1286.439941,1269.880005,1399.185077,1278.48999,8510000
3/30/1985,1276.829956,1289.199951,1272.530029,1401.142796,1284.780029,9620000
3/31/1985,1286.219971,1290.300049,1270.540039,1403.105997,1275.180054,8930000
4/1/1985,1272.859985,1277.939941,1257.400024,1405.074703,1259.719971,9200000
4/2/1985,1256.73999,1266.22998,1245.800049,1407.048938,1258.060059,12390000
4/3/1985,1257.180054,1262.810059,1239.069946,1409.028725,1242.050049,10050000
4/4/1985,1244.369995,1251.209961,1235.530029,1411.014087,1242.27002,9780000
4/5/1985,1243.709961,1253.859985,1238.300049,1413.005047,1247.23999,8680000
4/6/1985,1246.910034,1256.400024,1241.390015,1415.001631,1247.790039,7100000
4/7/1985,1248.22998,1261.369995,1243.150024,1417.00386,1252.75,9140000
4/8/1985,1248.670044,1258.939941,1239.51001,1419.01176,1249.780029,9710000
4/9/1985,1251.880005,1265.569946,1246.579956,1421.025355,1260.27002,16290000
4/10/1985,1268.98999,1282.459961,1261.589966,1423.044668,1274.180054,16460000
4/11/1985,1277.609985,1283.569946,1268.77002,1425.069724,1277.5,7530000
4/12/1985,1281.469971,1288.650024,1267.670044,1427.100548,1273.300049,11580000
4/13/1985,1271.199951,1283.569946,1265.459961,1429.137164,1273.52002,13980000
4/14/1985,1276.719971,1285.109985,1270.099976,1431.179597,1278.050049,10590000
4/15/1985,1276.829956,1295.829956,1271.420044,1433.227872,1285.339966,14230000
4/16/1985,1298.949951,1310.369995,1292.22998,1435.282014,1304.880005,15320000
4/17/1985,1305,1316.079956,1297.48999,1437.342048,1309.699951,13230000
4/18/1985,1305.219971,1308.920044,1294.349976,1439.408,1303.76001,8670000
4/19/1985,1301.75,1307.800049,1290.98999,1441.479896,1296.709961,8210000
4/20/1985,1295.469971,1305.670044,1291.109985,1443.55776,1301.969971,6680000
4/21/1985,1305.329956,1312.839966,1293.22998,1445.641619,1301.52002,9210000
4/22/1985,1300.959961,1308.359985,1292.790039,1447.731499,1302.97998,8880000
4/23/1985,1306.449951,1314.180054,1293.910034,1449.827425,1305.780029,14740000
4/24/1985,1302.76001,1320.790039,1298.719971,1451.929425,1315.410034,12190000
4/25/1985,1321.23999,1325.040039,1304.209961,1454.037524,1310.930054,10830000
4/26/1985,1310.599976,1321.23999,1304.439941,1456.151749,1315.300049,9450000
4/27/1985,1320.560059,1331.77002,1312.609985,1458.272127,1320.560059,14320000
4/28/1985,1317.199951,1330.530029,1311.939941,1460.398684,1327.280029,9770000
4/29/1985,1329.640015,1331.98999,1312.949951,1462.531449,1316.420044,8590000
4/30/1985,1314.290039,1322.579956,1307.23999,1464.670447,1318.439941,6120000
5/1/1985,1319,1323.810059,1308.02002,1466.815707,1313.839966,8020000
5/2/1985,1312.050049,1318.209961,1300.73999,1468.967255,1306.339966,9550000
5/3/1985,1302.199951,1308.130005,1285.390015,1471.12512,1290.099976,13310000
5/4/1985,1297.380005,1305.439941,1288.880005,1473.289329,1300.959961,9220000
5/5/1985,1298.949951,1303.98999,1288.75,1475.45991,1298.390015,7280000
5/6/1985,1299.400024,1312.390015,1293.680054,1477.636892,1304.77002,10900000
5/7/1985,1304.77002,1312.719971,1293.569946,1479.820303,1297.380005,11310000
5/8/1985,1296.709961,1305.439941,1287.75,1482.010171,1299.72998,7780000
5/9/1985,1297.27002,1326.050049,1293.790039,1484.206525,1324.47998,15770000
5/10/1985,1315.079956,1326.719971,1307.800049,1486.409394,1320.560059,10100000
5/11/1985,1322.689941,1338.819946,1314.069946,1488.618807,1323.030029,14050000
5/12/1985,1320.680054,1329.189941,1314.73999,1490.834793,1323.810059,10060000
5/13/1985,1325.939941,1338.709961,1321.800049,1493.057381,1332.209961,9760000
5/14/1985,1334.119995,1341.170044,1326.160034,1495.286602,1335.459961,9150000
5/15/1985,1334.01001,1342.180054,1322.579956,1497.522484,1337.140015,7880000
5/16/1985,1335.459961,1343.75,1329.189941,1499.765057,1334.01001,9170000
5/17/1985,1331.77002,1337.589966,1320.22998,1502.014353,1326.390015,9030000
5/18/1985,1328.290039,1340.609985,1324.930054,1504.2704,1334.449951,6000000
5/19/1985,1330.420044,1336.469971,1318.880005,1506.533229,1328.410034,7050000
5/20/1985,1324.599976,1333.670044,1313.400024,1508.802872,1321.910034,9400000
5/21/1985,1320.900024,1336.810059,1315.300049,1511.079358,1332.890015,10060000
5/22/1985,1333.219971,1343.640015,1326.160034,1513.362719,1337.699951,10170000
5/23/1985,1336.130005,1345.98999,1326.390015,1515.652985,1338.599976,11060000
5/24/1985,1333.890015,1347.670044,1326.949951,1517.950189,1335.459961,10970000
5/25/1985,1336.579956,1351.930054,1331.540039,1520.254362,1347.890015,12980000
5/26/1985,1354.609985,1365.930054,1346.209961,1522.565535,1357.969971,15510000
5/27/1985,1352.26001,1363.26001,1345.319946,1524.883741,1350.920044,12590000
5/28/1985,1351.030029,1363.349976,1346.439941,1527.209012,1359.540039,10810000
5/29/1985,1356.180054,1362.119995,1346.890015,1529.541379,1357.640015,8790000
5/30/1985,1357.079956,1372.199951,1344.76001,1531.880876,1351.810059,18070000
5/31/1985,1349.800049,1359.209961,1335.689941,1534.227535,1348.900024,12860000
6/1/1985,1349.130005,1359.880005,1338.599976,1536.581389,1353.609985,11870000
6/2/1985,1352.26001,1365.589966,1345.209961,1538.942471,1357.079956,10820000
6/3/1985,1354.280029,1358.089966,1338.930054,1541.310815,1343.859985,8560000
6/4/1985,1340.390015,1352.599976,1334.900024,1543.686454,1346.099976,10790000
6/5/1985,1347.890015,1357.410034,1340.050049,1546.069422,1347.449951,10690000
6/6/1985,1350.02002,1361.900024,1342.969971,1548.459753,1355.619995,9840000
6/7/1985,1354.280029,1360.099976,1345.430054,1550.85748,1353.050049,6220000
6/8/1985,1348.569946,1352.709961,1336.920044,1553.262639,1346.890015,6640000
6/9/1985,1345.880005,1350.02002,1322.920044,1555.675264,1325.160034,9710000
6/10/1985,1320.790039,1331.209961,1316.310059,1558.09539,1325.040039,7260000
6/11/1985,1324.709961,1334.790039,1318.319946,1560.523051,1329.859985,8480000
6/12/1985,1328.849976,1331.880005,1317.650024,1562.958283,1320.790039,7430000
6/13/1985,1318.77002,1324.369995,1309.140015,1565.401122,1314.290039,7200000
6/14/1985,1314.630005,1325.48999,1303.650024,1567.851602,1315.300049,7200000
6/15/1985,1318.550049,1326.050049,1311.380005,1570.309761,1316.97998,7120000
6/16/1985,1318.439941,1324.709961,1308.130005,1572.775634,1317.76001,7550000
6/17/1985,1312.609985,1321.569946,1305.890015,1575.249257,1312.719971,10380000
6/18/1985,1312.050049,1319.219971,1307.569946,1577.730667,1312.5,6070000
6/19/1985,1315.969971,1328.069946,1311.829956,1580.219901,1323.699951,9120000
6/20/1985,1323.920044,1333.670044,1319.109985,1582.716996,1329.530029,7180000
6/21/1985,1330.420044,1334.680054,1313.51001,1585.221989,1318.099976,8260000
6/22/1985,1316.420044,1322.920044,1310.47998,1587.734918,1318.319946,6090000
6/23/1985,1316.640015,1324.26001,1309.810059,1590.25582,1317.650024,5160000
6/24/1985,1321.23999,1328.630005,1315.189941,1592.784734,1322.469971,6750000
6/25/1985,1322.920044,1334.790039,1316.97998,1595.321697,1331.089966,12840000
6/26/1985,1331.209961,1340.050049,1325.160034,1597.866748,1335.130005,10400000
6/27/1985,1335.459961,1342.410034,1325.27002,1600.419926,1334.01001,9110000
6/28/1985,1333.670044,1337.140015,1322.800049,1602.98127,1329.189941,8070000
6/29/1985,1329.079956,1334.119995,1318.209961,1605.550819,1326.719971,8610000
6/30/1985,1326.390015,1333,1318.660034,1608.128613,1325.829956,8250000
7/1/1985,1327.170044,1341.400024,1323.920044,1610.71469,1335.689941,8900000
7/2/1985,1335.130005,1348.22998,1326.609985,1613.309092,1339.27002,8680000
7/3/1985,1337.930054,1346.550049,1324.819946,1615.911858,1333.449951,10140000
7/4/1985,1330.199951,1334.01001,1314.849976,1618.52303,1319.439941,8070000
7/5/1985,1317.430054,1327.400024,1307.01001,1621.142646,1312.390015,9940000
7/6/1985,1314.959961,1320.119995,1296.709961,1623.77075,1307.680054,10130000
7/7/1985,1307.349976,1315.75,1301.079956,1626.407381,1309.140015,7020000
7/8/1985,1308.579956,1314.52002,1291.219971,1629.052582,1298.160034,10270000
7/9/1985,1295.25,1307.569946,1283.709961,1631.706395,1300.400024,11930000
7/10/1985,1298.839966,1312.949951,1291.219971,1634.36886,1306.790039,10130000
7/11/1985,1306.339966,1313.400024,1294.469971,1637.040022,1297.939941,11020000
7/12/1985,1313.959961,1323.589966,1305.780029,1639.719922,1316.310059,17580000
7/13/1985,1314.73999,1334.569946,1301.859985,1642.408603,1321.119995,11040000
7/14/1985,1323.47998,1330.199951,1306,1645.106109,1312.050049,12280000
7/15/1985,1310.599976,1325.27002,1301.969971,1647.812483,1320.790039,12880000
7/16/1985,1330.089966,1336.810059,1318.550049,1650.527769,1328.630005,12020000
7/17/1985,1329.640015,1343.969971,1323.47998,1653.252011,1340.949951,15600000
7/18/1985,1343.410034,1351.589966,1327.959961,1655.985254,1333.670044,12580000
7/19/1985,1332.209961,1345.430054,1323.810059,1658.727541,1333.109985,10700000
7/20/1985,1330.089966,1335.01001,1321.119995,1661.478918,1328.73999,8830000
7/21/1985,1326.050049,1335.910034,1315.189941,1664.23943,1324.369995,9300000
7/22/1985,1325.040039,1333.890015,1316.199951,1667.009123,1325.48999,7620000
7/23/1985,1324.47998,1336.810059,1320.22998,1669.788042,1326.719971,7500000
7/24/1985,1325.599976,1333.329956,1318.439941,1672.576234,1328.069946,6010000
7/25/1985,1328.290039,1343.410034,1323.699951,1675.373746,1339.939941,9210000
7/26/1985,1340.390015,1356.180054,1336.579956,1678.180623,1354.72998,8640000
7/27/1985,1356.73999,1364.140015,1343.530029,1680.996913,1350.810059,13530000
7/28/1985,1351.930054,1371.300049,1346.209961,1683.822664,1368.5,13400000
7/29/1985,1366.939941,1378.359985,1356.849976,1686.657922,1369.290039,13980000
7/30/1985,1368.839966,1383.400024,1358.869995,1689.502737,1368.839966,12670000
7/31/1985,1367.050049,1375.670044,1357.75,1692.357157,1364.140015,7800000
8/1/1985,1364.25,1374.660034,1356.180054,1695.22123,1364.359985,9230000
8/2/1985,1364.469971,1373.430054,1357.079956,1698.095005,1367.160034,10770000
8/3/1985,1367.380005,1374.550049,1355.290039,1700.978531,1362.339966,12230000
8/4/1985,1360.099976,1366.709961,1351.589966,1703.871859,1356.52002,11960000
8/5/1985,1353.050049,1364.02002,1346.550049,1706.775039,1359.98999,10710000
8/6/1985,1361.780029,1377.689941,1356.180054,1709.68812,1368.72998,12310000
8/7/1985,1373.050049,1384.630005,1361.01001,1712.611153,1375.569946,15150000
8/8/1985,1375.459961,1383.599976,1362.609985,1715.54419,1374.310059,13330000
8/9/1985,1372.130005,1393.579956,1367.780029,1718.487282,1390.25,13930000
8/10/1985,1388.069946,1398.51001,1377.060059,1721.44048,1389.680054,11580000
8/11/1985,1386.810059,1402.52002,1380.280029,1724.403838,1396.670044,13870000
8/12/1985,1398.390015,1411.01001,1386.469971,1727.377406,1403.439941,14980000
8/13/1985,1400.109985,1410.109985,1389.910034,1730.361239,1399.540039,14160000
8/14/1985,1397.939941,1410.439941,1391.060059,1733.355389,1404.359985,11500000
8/15/1985,1405.72998,1432.569946,1402.410034,1736.35991,1431.880005,17030000
8/16/1985,1431.079956,1446.099976,1421.099976,1739.374856,1433.599976,19860000
8/17/1985,1432.680054,1439.790039,1419.380005,1742.400281,1427.75,10740000
8/18/1985,1425.689941,1443.810059,1420.640015,1745.436239,1439.219971,12710000
8/19/1985,1435.780029,1450.569946,1425.689941,1748.482787,1435.089966,16310000
8/20/1985,1433.26001,1447.25,1422.25,1751.539979,1440.02002,12790000
8/21/1985,1444.719971,1452.180054,1430.050049,1754.607871,1438.98999,14000000
8/22/1985,1440.369995,1451.48999,1429.23999,1757.68652,1439.219971,17360000
8/23/1985,1445.300049,1466.060059,1439.790039,1760.775982,1462.27002,20310000
8/24/1985,1460.780029,1475.569946,1451.609985,1763.876314,1464.329956,15890000
8/25/1985,1462.839966,1467.089966,1449.430054,1766.987574,1456.650024,11070000
8/26/1985,1456.540039,1470.069946,1447.25,1770.109819,1456.77002,20920000
8/27/1985,1460.439941,1483.829956,1454.01001,1773.243108,1475.689941,23580000
8/28/1985,1480.280029,1486.930054,1463.98999,1776.387499,1472.130005,10990000
8/29/1985,1471.329956,1476.26001,1451.26001,1779.543051,1457.910034,10620000
8/30/1985,1455.050049,1466.400024,1450.339966,1782.709825,1459.060059,9620000
8/31/1985,1463.76001,1488.76001,1457.449951,1785.887879,1484.400024,17420000
9/1/1985,1490.369995,1504.01001,1477.97998,1789.077275,1482.910034,19850000
9/2/1985,1476.719971,1488.300049,1464.790039,1792.278072,1477.180054,15140000
9/3/1985,1483.939941,1504.130005,1478.099976,1795.490333,1497.02002,21060000
9/4/1985,1498.849976,1514.910034,1483.939941,1798.714118,1499.199951,25800000
9/5/1985,1498.170044,1520.300049,1492.089966,1801.949491,1511.699951,25490000
9/6/1985,1512.040039,1523.51001,1496.790039,1805.196513,1511.23999,23580000
9/7/1985,1515.47998,1546.439941,1502.75,1808.455247,1535.209961,22730000
9/8/1985,1538.300049,1570.869995,1528.900024,1811.725758,1553.099976,22700000
9/9/1985,1556.880005,1568.810059,1536.349976,1815.008108,1544.5,20390000
9/10/1985,1543.119995,1560.439941,1528.439941,1818.302362,1542.430054,20280000
9/11/1985,1540.369995,1552.97998,1532,1821.608586,1543.920044,16160000
9/12/1985,1548.73999,1564.560059,1535.670044,1824.926844,1543,23510000
9/13/1985,1539.219971,1547.819946,1516.630005,1828.257201,1528.780029,15970000
9/14/1985,1526.380005,1532.449951,1508.829956,1831.599726,1519.150024,9740000
9/15/1985,1520.76001,1532.569946,1514.680054,1834.954483,1526.48999,6770000
9/16/1985,1530.160034,1548.849976,1527.290039,1838.321541,1543,9910000
9/17/1985,1546.099976,1557.339966,1534.97998,1841.700967,1550.459961,11450000
9/18/1985,1552.290039,1562.839966,1537.5,1845.09283,1546.670044,13630000
9/19/1985,1546.219971,1551.949951,1523.73999,1848.497198,1537.72998,10660000
9/20/1985,1540.02002,1557.109985,1534.97998,1851.914139,1549.199951,10460000
9/21/1985,1550,1557,1537.040039,1855.343725,1547.589966,11000000
9/22/1985,1552.060059,1573.73999,1544.5,1858.786026,1565.709961,15170000
9/23/1985,1570.98999,1578.099976,1516.630005,1862.241111,1526.609985,20630000
9/24/1985,1516.060059,1530.849976,1495.640015,1865.709053,1518.22998,21010000
9/25/1985,1520.76001,1530.959961,1500.569946,1869.189923,1513.530029,12520000
9/26/1985,1511.930054,1526.829956,1502.290039,1872.683794,1520.530029,13130000
9/27/1985,1526.380005,1530.619995,1508.030029,1876.190739,1519.040039,11790000
9/28/1985,1519.839966,1535.319946,1512.959961,1879.710831,1527.290039,11290000
9/29/1985,1531.079956,1547.709961,1517.089966,1883.244143,1541.630005,16920000
9/30/1985,1541.170044,1552.52002,1519.719971,1886.790752,1536.699951,17010000
10/1/1985,1530.849976,1536.01001,1516.859985,1890.350731,1529.130005,8140000
10/2/1985,1530.390015,1535.890015,1502.869995,1893.924157,1514.449951,13570000
10/3/1985,1513.420044,1525.569946,1494.839966,1897.511106,1502.290039,12970000
10/4/1985,1500.339966,1519.390015,1491.73999,1901.111654,1511.23999,14150000
10/5/1985,1517.430054,1537.390015,1507.680054,1904.72588,1529.930054,13790000
10/6/1985,1536.579956,1548.170044,1524.430054,1908.353861,1537.609985,11430000
10/7/1985,1540.369995,1561.349976,1530.5,1911.995675,1556.420044,16080000
10/8/1985,1558.140015,1578.099976,1548.050049,1915.651402,1558.939941,18090000
10/9/1985,1558.369995,1572.589966,1545.76001,1919.321123,1552.180054,13370000
10/10/1985,1551.26001,1582.910034,1548.170044,1923.004916,1570.98999,17840000
10/11/1985,1570.530029,1600.109985,1564.329956,1926.702864,1594.27002,16320000
10/12/1985,1596.670044,1611.469971,1575.459961,1930.415048,1593.22998,21880000
10/13/1985,1590.140015,1601.829956,1576.26001,1934.14155,1593.119995,16260000
10/14/1985,1595.76001,1616.51001,1587.5,1937.882454,1600.689941,18580000
10/15/1985,1590.140015,1622.819946,1576.829956,1941.637842,1613.420044,18470000
10/16/1985,1614.449951,1633.140015,1605.160034,1945.4078,1626.380005,15150000
10/17/1985,1624.890015,1637.5,1613.300049,1949.192411,1622.819946,15710000
10/18/1985,1625.339966,1640.47998,1611.699951,1952.991762,1629.930054,18270000
10/19/1985,1632.569946,1649.310059,1616.859985,1956.805939,1645.069946,16320000
10/20/1985,1645.410034,1668.689941,1636.119995,1960.635029,1664.449951,19100000
10/21/1985,1661.579956,1685.550049,1649.430054,1964.479118,1678.780029,16930000
10/22/1985,1673.050049,1689.219971,1651.030029,1968.338297,1658.26001,15180000
10/23/1985,1652.75,1675.459961,1641.969971,1972.212652,1672.819946,13910000
10/24/1985,1681.540039,1702.75,1668.689941,1976.102275,1697.709961,21280000
10/25/1985,1689.790039,1709.75,1678.670044,1980.007255,1698.280029,16080000
10/26/1985,1695.98999,1709.52002,1674.079956,1983.927684,1692.660034,16000000
10/27/1985,1694.040039,1714.790039,1679.589966,1987.863653,1696.900024,19340000
10/28/1985,1701.829956,1728.900024,1683.369995,1991.815255,1713.98999,21010000
10/29/1985,1722.589966,1732.569946,1687.5,1995.782583,1709.060059,21070000
10/30/1985,1706.189941,1714.329956,1684.630005,1999.765731,1696.670044,13800000
10/31/1985,1699.109985,1718.630005,1679.719971,2003.764794,1686.420044,17030000
11/1/1985,1681.630005,1695.400024,1663.069946,2007.779867,1686.660034,17360000
11/2/1985,1698.640015,1711.209961,1681.75,2011.811047,1696.599976,16420000
11/3/1985,1694.800049,1713.47998,1682.829956,2015.858431,1699.829956,15780000
11/4/1985,1698.040039,1715.160034,1688.699951,2019.922116,1702.949951,11750000
11/5/1985,1714.800049,1752.170044,1704.26001,2024.002202,1746.050049,20450000
11/6/1985,1750,1773.349976,1733.47998,2028.098787,1745.449951,22630000
11/7/1985,1740.060059,1768.800049,1729.530029,2032.211971,1753.709961,17660000
11/8/1985,1761.140015,1799.930054,1745.209961,2036.341857,1792.73999,22780000
11/9/1985,1777.060059,1790.589966,1758.380005,2040.488545,1776.859985,15120000
11/10/1985,1772.27002,1806.75,1763.650024,2044.652138,1789.869995,16120000
11/11/1985,1796.699951,1806.98999,1773.469971,2048.832741,1787.949951,13870000
11/12/1985,1793.819946,1820.76001,1784.359985,2053.030456,1804.23999,14320000
11/13/1985,1807.949951,1821.23999,1764.849976,2057.24539,1768.560059,30170000
11/14/1985,1784.359985,1796.219971,1763.290039,2061.477649,1782.930054,19510000
11/15/1985,1781.01001,1794.300049,1762.089966,2065.727339,1778.5,14970000
11/16/1985,1784.119995,1817.410034,1775.97998,2069.994569,1810.699951,19030000
11/17/1985,1822.199951,1849.73999,1806.51001,2074.279446,1821.719971,22460000
11/18/1985,1824.22998,1841.829956,1803.160034,2078.582081,1818.609985,14670000
11/19/1985,1822.079956,1829.02002,1777.540039,2082.902585,1790.109985,19440000
11/20/1985,1786.280029,1803.640015,1769.76001,2087.241068,1795.26001,15750000
11/21/1985,1796.459961,1809.27002,1753.709961,2091.597643,1766.400024,16890000
11/22/1985,1762.930054,1772.869995,1728.449951,2095.972424,1739.219971,17090000
11/23/1985,1734.550049,1749.040039,1712.52002,2100.365524,1735.51001,14410000
11/24/1985,1750.359985,1779.569946,1737.069946,2104.77706,1769.76001,17210000
11/25/1985,1784.359985,1807.709961,1754.189941,2109.207146,1778.619995,16930000
11/26/1985,1791.069946,1807.829956,1768.199951,2113.655901,1794.300049,69590000
11/27/1985,1800.719971,1812.5,1779.140015,2118.123442,1790.180054,20660000
11/28/1985,1791.420044,1811.380005,1781,2122.609889,1805.310059,11010000
11/29/1985,1799.849976,1822.050049,1789.680054,2127.115362,1809.650024,14870000
11/30/1985,1823.410034,1859.619995,1814.72998,2131.639982,1847.969971,32130000
12/1/1985,1849.079956,1870.160034,1831.719971,2136.183871,1855.030029,22630000
12/2/1985,1851.810059,1870.160034,1830.97998,2140.747152,1840.400024,21670000
12/3/1985,1842.51001,1864.209961,1829.859985,2145.329951,1855.900024,15270000
12/4/1985,1858.26001,1866.439941,1815.969971,2149.932391,1830.97998,19290000
12/5/1985,1823.410034,1841.27002,1803.939941,2154.5546,1829.609985,15840000
12/6/1985,1831.719971,1848.459961,1818.949951,2159.196706,1831.719971,17920000
12/7/1985,1836.430054,1848.459961,1813.73999,2163.858836,1835.569946,15330000
12/8/1985,1834.199951,1852.660034,1817.709961,2168.541121,1843.75,13680000
12/9/1985,1848.829956,1856.150024,1813.119995,2173.243692,1825.890015,16400000
12/10/1985,1825.400024,1831.22998,1777.900024,2177.96668,1783.97998,17270000
12/11/1985,1777.900024,1796.880005,1761.040039,2182.710219,1777.780029,18550000
12/12/1985,1782.23999,1795.880005,1763.140015,2187.474443,1774.680054,14840000
12/13/1985,1777.530029,1800.349976,1770.959961,2192.259487,1793.77002,11680000
12/14/1985,1799.359985,1803.319946,1775.920044,2197.065489,1787.949951,14540000
12/15/1985,1782.369995,1790.050049,1755.209961,2201.892586,1775.300049,16960000
12/16/1985,1780.75,1797.869995,1768.47998,2206.740917,1786.209961,16110000
12/17/1985,1779.640015,1797.119995,1767.72998,2211.610622,1789.430054,13850000
12/18/1985,1786.459961,1804.319946,1774.800049,2216.501844,1787.329956,12030000
12/19/1985,1790.550049,1804.069946,1772.319946,2221.414724,1785.339966,14660000
12/20/1985,1790.430054,1815.22998,1775.550049,2226.349408,1808.280029,15790000
12/21/1985,1803.939941,1808.780029,1766.98999,2231.306039,1774.680054,14560000
12/22/1985,1770.959961,1775.670044,1749.880005,2236.284766,1759.800049,13480000
12/23/1985,1763.140015,1769.839966,1746.530029,2241.285735,1758.180054,8460000
12/24/1985,1758.560059,1788.439941,1752.47998,2246.309097,1783.97998,10860000
12/25/1985,1783.47998,1798.609985,1766.619995,2251.355002,1775.170044,11770000
12/26/1985,1782.609985,1813.73999,1774.180054,2256.423601,1806.300049,17100000
12/27/1985,1812.25,1842.140015,1804.689941,2261.515049,1823.290039,12660000
12/28/1985,1833.160034,1856.560059,1823.47998,2266.629499,1853.030029,12540000
12/29/1985,1862.01001,1891.790039,1851.920044,2271.767108,1878.280029,18020000
12/30/1985,1874.869995,1892.969971,1857.420044,2276.928034,1882.349976,14940000
12/31/1985,1872.51001,1898.219971,1857.949951,2282.112435,1876.709961,16210000
1/1/1986,1874.189941,1886.170044,1845.530029,2287.320472,1861.949951,12370000
1/2/1986,1860.73999,1875.540039,1845.670044,2292.552307,1870.430054,12520000
1/3/1986,1876.349976,1882,1846.339966,2297.808103,1863.290039,12240000
1/4/1986,1865.180054,1880.790039,1851.180054,2303.088025,1879.439941,11090000
1/5/1986,1879.97998,1894.380005,1866.119995,2308.39224,1885.900024,11160000
1/6/1986,1878.77002,1880.25,1833.829956,2313.720915,1840.150024,12020000
1/7/1986,1836.380005,1852.800049,1816.069946,2319.074219,1837.189941,13590000
1/8/1986,1842.030029,1854.680054,1825.75,2324.452324,1846.069946,11320000
1/9/1986,1846.069946,1851.859985,1826.290039,2329.855403,1838.130005,8810000
1/10/1986,1848.219971,1883.209961,1843.920044,2335.283629,1874.189941,14390000
1/11/1986,1880.52002,1890.609985,1863.290039,2340.737179,1871.77002,12530000
1/12/1986,1877.619995,1886.97998,1853.939941,2346.216229,1865.780029,12330000
1/13/1986,1867.839966,1881.329956,1843.75,2351.72096,1868.939941,12620000
1/14/1986,1864.400024,1883.119995,1851.459961,2357.251551,1855.859985,12560000
1/15/1986,1864.400024,1882.849976,1847.640015,2362.808186,1879.540039,17720000
1/16/1986,1873.48999,1883.400024,1853.390015,2368.391049,1864.26001,15250000
1/17/1986,1867.430054,1891.800049,1853.939941,2374.000325,1875.550049,13430000
1/18/1986,1879.540039,1903.359985,1870.319946,2379.636203,1885.050049,15320000
1/19/1986,1890.040039,1897.219971,1867.410034,2385.298871,1880.199951,10900000
1/20/1986,1885.969971,1898.900024,1871.339966,2390.988522,1885.26001,10240000
1/21/1986,1884.97998,1908.619995,1876.119995,2396.705348,1892.719971,12360000
1/22/1986,1889.76001,1911.280029,1878.52002,2402.449544,1903.540039,15550000
1/23/1986,1905.51001,1922.670044,1891.310059,2408.221308,1909.030029,12080000
1/24/1986,1911.280029,1918.589966,1887.22998,2414.020838,1900.869995,10490000
1/25/1986,1893.97998,1895.530029,1834.079956,2419.848335,1838.859985,16480000
1/26/1986,1822.130005,1834.359985,1794.98999,2425.704001,1820.72998,19530000
1/27/1986,1825.079956,1838.579956,1807.650024,2431.58804,1826.069946,15930000
1/28/1986,1833.800049,1842.939941,1799.069946,2437.500661,1831.829956,16340000
1/29/1986,1832.109985,1840.969971,1810.880005,2443.44207,1821.430054,12950000
1/30/1986,1809.339966,1816.650024,1785.290039,2449.412479,1793.449951,13140000
1/31/1986,1789.790039,1805.540039,1760.119995,2455.412101,1768.699951,24310000
2/1/1986,1776.859985,1794.290039,1759.699951,2461.44115,1774.180054,16140000
2/2/1986,1778.680054,1802.72998,1762.089966,2467.499842,1781.780029,16060000
2/3/1986,1781.359985,1807.369995,1754.640015,2473.588398,1777.97998,21220000
2/4/1986,1774.180054,1792.599976,1763.920044,2479.707037,1779.109985,10040000
2/5/1986,1777,1810.459961,1769.119995,2485.855984,1795.130005,14990000
2/6/1986,1796.400024,1813.699951,1780.089966,2492.035464,1798.369995,14630000
2/7/1986,1797.810059,1806.810059,1778.680054,2498.245705,1791.619995,13040000
2/8/1986,1799.780029,1821.569946,1791.060059,2504.486936,1810.040039,11420000
2/9/1986,1806.949951,1815.23999,1760.26001,2510.759391,1773.900024,15650000
2/10/1986,1776.430054,1788.949951,1752.949951,2517.063304,1766.869995,14070000
2/11/1986,1768.97998,1794.150024,1741.560059,2523.398912,1779.390015,22940000
2/12/1986,1779.810059,1794.290039,1764.199951,2529.766454,1775.310059,14490000
2/13/1986,1775.310059,1788.800049,1753.089966,2536.166172,1763.640015,11380000
2/14/1986,1753.089966,1785.150024,1730.599976,2542.598311,1769.969971,16320000
2/15/1986,1787.819946,1800.199951,1766.869995,2549.063117,1777,20270000
2/16/1986,1771.650024,1788.670044,1759.839966,2555.56084,1779.530029,15330000
2/17/1986,1774.75,1802.02002,1766.170044,2562.091731,1786.280029,12530000
2/18/1986,1786.420044,1799.780029,1769.689941,2568.656045,1782.619995,12850000
2/19/1986,1786.699951,1824.660034,1779.25,2575.254039,1811.160034,16930000
2/20/1986,1824.380005,1840.550049,1804.420044,2581.885972,1835.48999,15490000
2/21/1986,1836.189941,1860.660034,1822.97998,2588.552107,1844.48999,17470000
2/22/1986,1844.069946,1859.810059,1832.540039,2595.25271,1844.910034,11790000
2/23/1986,1848.140015,1863.609985,1829.02002,2601.988046,1855.599976,15040000
2/24/1986,1857.98999,1875.140015,1842.660034,2608.758388,1869.52002,12620000
2/25/1986,1867.550049,1880.199951,1846.880005,2615.564008,1862.910034,10990000
2/26/1986,1861.219971,1889.339966,1849.969971,2622.405183,1881.329956,17790000
2/27/1986,1883.719971,1899.469971,1864.310059,2629.282192,1881.189941,15170000
2/28/1986,1879.780029,1899.040039,1868.109985,2636.195317,1887.800049,10640000
3/1/1986,1887.650024,1893.420044,1860.52002,2643.144843,1871.77002,10590000
3/2/1986,1876.550049,1911.280029,1870.5,2650.131058,1904.25,16880000
3/3/1986,1904.25,1918.589966,1887.800049,2657.154252,1904.530029,15760000
3/4/1986,1896.790039,1912.26001,1882.72998,2664.214721,1900.170044,12460000
3/5/1986,1896.930054,1913.530029,1883.439941,2671.312761,1898.339966,9580000
3/6/1986,1903.26001,1913.390015,1857.420044,2678.448673,1870.359985,17070000
3/7/1986,1861.920044,1888.219971,1852.780029,2685.62276,1881.329956,16070000
3/8/1986,1884.699951,1927.869995,1877.25,2692.83533,1919.709961,22890000
3/9/1986,1918.72998,1933.349976,1890.189941,2700.086692,1899.75,21020000
3/10/1986,1889.76001,1907.060059,1866.839966,2707.37716,1888.640015,15270000
3/11/1986,1898.339966,1909.449951,1874.02002,2714.707051,1884.140015,14460000
3/12/1986,1885.689941,1897.5,1863.050049,2722.076685,1879.5,14290000
3/13/1986,1861.640015,1868.670044,1780.790039,2729.486387,1792.890015,30720000
3/14/1986,1794.150024,1805.400024,1733.550049,2736.936483,1758.719971,34990000
3/15/1986,1772.920044,1786.97998,1746.199951,2744.427304,1767.579956,18220000
3/16/1986,1763.219971,1785.01001,1739.599976,2751.959185,1778.540039,14790000
3/17/1986,1780.369995,1799.349976,1757.869995,2759.532465,1769.400024,16470000
3/18/1986,1763.219971,1789.930054,1748.030029,2767.147484,1774.180054,17290000
3/19/1986,1765.469971,1783.040039,1747.609985,2774.804589,1762.650024,22560000
3/20/1986,1771.369995,1797.810059,1761.670044,2782.50413,1793.449951,23340000
3/21/1986,1795.97998,1809.76001,1778.540039,2790.246459,1797.810059,21370000
3/22/1986,1798.22998,1820.02002,1786.280029,2798.031934,1803.290039,18210000
3/23/1986,1799.48999,1803.150024,1753.800049,2805.860917,1768.560059,18930000
3/24/1986,1759.420044,1788.099976,1750.140015,2813.733773,1769.689941,11980000
3/25/1986,1759.560059,1768.97998,1732.98999,2821.65087,1755.199951,14890000
3/26/1986,1761.390015,1790.349976,1750.140015,2829.612584,1767.579956,16390000
3/27/1986,1775.030029,1805.819946,1762.650024,2837.619291,1782.900024,21430000
3/28/1986,1778.819946,1796.540039,1767.719971,2845.671375,1781.209961,12120000
3/29/1986,1793.449951,1806.380005,1761.25,2853.76922,1774.180054,18200000
3/30/1986,1772.920044,1794.849976,1763.359985,2861.913219,1784.449951,11360000
3/31/1986,1787.400024,1799.349976,1765.189941,2870.103766,1784.449951,22650000
4/1/1986,1777.560059,1812.430054,1772.219971,2878.341262,1803.849976,21570000
4/2/1986,1802.589966,1824.23999,1785.849976,2886.62611,1796.819946,19390000
4/3/1986,1790.920044,1806.380005,1780.930054,2894.958721,1793.170044,12110000
4/4/1986,1792.599976,1806.949951,1781.5,2903.339507,1798.369995,6660000
4/5/1986,1797.670044,1816.51001,1783.319946,2911.768887,1800.199951,17490000
4/6/1986,1799.209961,1835.77002,1792.180054,2920.247285,1831.689941,18260000
4/7/1986,1835.48999,1852.640015,1819.180054,2928.775129,1836.189941,19860000
4/8/1986,1829.439941,1844.910034,1817.069946,2937.352853,1837.040039,19920000
4/9/1986,1821.290039,1826.630005,1793.869995,2945.980895,1811.02002,14550000
4/10/1986,1811.02002,1822.97998,1792.040039,2954.659698,1805.680054,14770000
4/11/1986,1803.569946,1821.290039,1793.589966,2963.389712,1808.349976,14500000
4/12/1986,1812.150024,1845.050049,1806.949951,2972.171391,1834.930054,18630000
4/13/1986,1836.329956,1851.660034,1821.709961,2981.005193,1832.359985,14980000
4/14/1986,1834.079956,1850.109985,1817.48999,2989.891585,1841.819946,21220000
4/15/1986,1843.640015,1863.469971,1830.98999,2998.831037,1845.469971,17730000
4/16/1986,1841.540039,1863.329956,1834.51001,3007.824025,1851.800049,17970000
4/17/1986,1880.199951,1894.689941,1862.77002,3016.87103,1878.369995,26230000
4/18/1986,1875.280029,1891.72998,1858.130005,3025.972541,1877.709961,18230000
4/19/1986,1880.619995,1902.280029,1870.780029,3035.129051,1894.26001,18350000
4/20/1986,1884.280029,1902,1873.880005,3044.341059,1892.439941,19280000
4/21/1986,1886.109985,1911.140015,1876.550049,3053.609071,1899.040039,24120000
4/22/1986,1891.72998,1907.47998,1868.949951,3062.9336,1891.589966,22560000
4/23/1986,1885.689941,1899.469971,1870.780029,3072.315162,1886.530029,16640000
4/24/1986,1883.439941,1901.01001,1871.199951,3081.754283,1892.290039,17700000
4/25/1986,1891.589966,1904.949951,1882.449951,3091.251492,1895.949951,14570000
4/26/1986,1898.900024,1909.310059,1876.969971,3100.807328,1893.699951,15320000
4/27/1986,1893.140015,1901.01001,1857.280029,3110.422334,1862.199951,20160000
4/28/1986,1861.219971,1883.569946,1848.280029,3120.097061,1873.589966,14140000
4/29/1986,1857,1879.920044,1846.73999,3129.832067,1860.52002,16290000
4/30/1986,1854.329956,1864.310059,1806.52002,3139.627915,1817.209961,22060000
5/1/1986,1811.589966,1838.02002,1797.099976,3149.485179,1826.630005,23170000
5/2/1986,1841.540039,1866.280029,1823.119995,3159.404436,1860.660034,25290000
5/3/1986,1864.030029,1901.859985,1853.069946,3169.386272,1893.560059,27640000
5/4/1986,1887.650024,1921.400024,1879.079956,3179.431281,1906.069946,21930000
5/5/1986,1906.780029,1922.810059,1890.040039,3189.540065,1912.119995,22490000
5/6/1986,1908.459961,1926.459961,1895.109985,3199.713231,1916.76001,16240000
5/7/1986,1917.180054,1923.51001,1903.819946,3209.951395,1914.22998,7670000
5/8/1986,1900.170044,1915.910034,1880.47998,3220.255183,1912.540039,14650000
5/9/1986,1920.699951,1958.800049,1914.930054,3230.625227,1955.569946,27360000
5/10/1986,1947.550049,1971.73999,1933.910034,3241.062166,1947.27002,23250000
5/11/1986,1945.439941,1963.300049,1930.26001,3251.56665,1939.680054,15620000
5/12/1986,1938.410034,1950.219971,1911.699951,3262.139336,1925.060059,15450000
5/13/1986,1925.47998,1946.709961,1906.920044,3272.780889,1930.26001,15430000
5/14/1986,1931.52002,1939.819946,1909.869995,3283.491983,1916.900024,12940000
5/15/1986,1913.670044,1943.050049,1908.319946,3294.273303,1932.930054,16970000
5/16/1986,1940.099976,1947.410034,1904.810059,3305.12554,1923.650024,19460000
5/17/1986,1921.26001,1932.089966,1904.390015,3316.049395,1912.26001,17110000
5/18/1986,1901.01001,1925.339966,1887.089966,3327.045578,1922.810059,18450000
5/19/1986,1923.650024,1942.910034,1912.400024,3338.11481,1936.160034,20440000
5/20/1986,1926.599976,1937.569946,1909.449951,3349.257821,1918.310059,17060000
5/21/1986,1916.199951,1927.02002,1900.170044,3360.475349,1912.819946,18310000
5/22/1986,1914.650024,1935.180054,1899.890015,3371.768143,1928.849976,48550000
5/23/1986,1921.959961,1938.839966,1907.76001,3383.136964,1926.180054,26260000
5/24/1986,1924.209961,1933.77002,1902.280029,3394.58258,1914.369995,28850000
5/25/1986,1913.949951,1937.569946,1910.01001,3406.10577,1926.880005,14500000
5/26/1986,1927.589966,1939.119995,1919.709961,3417.707327,1930.400024,4850000
5/27/1986,1925.199951,1931.380005,1904.530029,3429.38805,1912.119995,2530000
5/28/1986,1911.140015,1920.699951,1894.689941,3441.148753,1908.609985,12350000
5/29/1986,1909.030029,1920.420044,1885.400024,3452.990257,1895.949951,13930000
5/30/1986,1900.589966,1933.48999,1897.359985,3464.913399,1927.310059,10860000
5/31/1986,1944.880005,1980.73999,1936.589966,3476.919024,1971.319946,25260000
6/1/1986,1978.349976,1993.810059,1961.900024,3489.00799,1974.829956,28560000
6/2/1986,1971.880005,2003.089966,1965.689941,3501.181167,1993.949951,22550000
6/3/1986,1996.77002,2014.199951,1975.959961,3513.439436,2002.25,25350000
6/4/1986,1998.880005,2021.650024,1988.609985,3525.783693,2005.910034,24950000
6/5/1986,1997.329956,2022.079956,1987.630005,3538.214844,2009.420044,25240000
6/6/1986,2006.609985,2027.140015,1994.52002,3550.733808,2012.939941,23380000
6/7/1986,2012.939941,2046.26001,2003.939941,3563.341518,2035.01001,25120000
6/8/1986,2044.709961,2091.25,2030.790039,3576.038921,2070.72998,32960000
6/9/1986,2073.120117,2099.689941,2054.560059,3588.826976,2076.629883,34850000
6/10/1986,2067.070068,2112.48999,2051.320068,3601.706655,2102.5,21950000
6/11/1986,2110.659912,2131.610107,2082.540039,3614.678945,2104.469971,30120000
6/12/1986,2088.439941,2123.879883,2079.02002,3627.744849,2094.070068,24010000
6/13/1986,2090.830078,2151.860107,2083.659912,3640.905382,2145.669922,22940000
6/14/1986,2158.459961,2214.570068,2062.850098,3654.161574,2101.52002,40930000
6/15/1986,2103.629883,2125.419922,2079.719971,3667.514471,2107.280029,18300000
6/16/1986,2121.47998,2160.850098,2110.23999,3680.965133,2150.449951,21710000
6/17/1986,2162.679932,2181.100098,2136.389893,3694.514638,2163.389893,25340000
6/18/1986,2178.149902,2193.340088,2139.199951,3708.164076,2160.01001,25130000
6/19/1986,2158.320068,2173.51001,2127.669922,3721.914557,2158.040039,27150000
6/20/1986,2152.97998,2193.620117,2142.149902,3735.767205,2179.419922,22760000
6/21/1986,2187.98999,2201.209961,2159.72998,3749.723161,2168.449951,25810000
6/22/1986,2176.879883,2198.399902,2154.669922,3763.783585,2191.22998,27710000
6/23/1986,2201.48999,2223.280029,2174.629883,3777.949652,2201.48999,33750000
6/24/1986,2198.540039,2213.300049,2176.320068,3792.222556,2186.870117,18680000
6/25/1986,2183.209961,2195.72998,2157.899902,3806.603507,2176.73999,14690000
6/26/1986,2172.379883,2183.629883,2134.419922,3821.093738,2158.040039,18730000
6/27/1986,2159.72998,2182.51001,2145.530029,3835.694495,2171.959961,17050000
6/28/1986,2181.379883,2203.179932,2146.090088,3850.407047,2165.780029,23630000
6/29/1986,2161,2201.350098,2148.76001,3865.232682,2183.350098,25130000
6/30/1986,2192.77002,2242.409912,2184.899902,3880.172705,2237.48999,24590000
7/1/1986,2254.639893,2266.449951,2213.159912,3895.228446,2237.629883,29600000
7/2/1986,2239.879883,2263.219971,2212.320068,3910.40125,2244.090088,24720000
7/3/1986,2247.75,2260.120117,2220.889893,3925.692488,2235.23999,27570000
7/4/1986,2235.939941,2249.860107,2186.300049,3941.10355,2216.540039,24130000
7/5/1986,2221.030029,2244.090088,2202.620117,3956.635847,2223.280029,17350000
7/6/1986,2223.139893,2248.590088,2209.360107,3972.290814,2226.23999,18600000
7/7/1986,2223.98999,2239.310059,2196.709961,3988.069908,2216.679932,17920000
7/8/1986,2220.330078,2237.909912,2204.870117,4003.97461,2223.98999,16540000
7/9/1986,2228.209961,2242.550049,2209.080078,4020.006423,2220.469971,16590000
7/10/1986,2224.409912,2240.439941,2209.929932,4036.166874,2226.52002,14570000
7/11/1986,2238.610107,2270.110107,2226.23999,4052.457517,2257.449951,22300000
7/12/1986,2270.25,2295.699951,2253.939941,4068.879929,2276.429932,21320000
7/13/1986,2281.919922,2298.22998,2256.469971,4085.435713,2280.22998,18490000
7/14/1986,2270.389893,2279.669922,2238.610107,4102.126498,2260.120117,14440000
7/15/1986,2257.310059,2289.929932,2246.47998,4118.95394,2280.090088,15680000
7/16/1986,2294.01001,2302.169922,2256.469971,4135.919722,2268.97998,21850000
7/17/1986,2269.419922,2288.149902,2250.139893,4153.025554,2267.340088,18630000
7/18/1986,2272.159912,2282.389893,2245.030029,4170.273175,2258.659912,15740000
7/19/1986,2251.419922,2263.639893,2224.860107,4187.664353,2248.439941,13720000
7/20/1986,2246.159912,2287.780029,2238.209961,4205.200886,2284.800049,19790000
7/21/1986,2299.01001,2315.199951,2262.219971,4222.8846,2286.929932,25790000
7/22/1986,2281.389893,2310.649902,2270.169922,4240.717355,2299.570068,15830000
7/23/1986,2310.649902,2342.050049,2295.030029,4258.701038,2333.52002,30530000
7/24/1986,2337.5,2373.01001,2322.439941,4276.837573,2363.780029,24730000
7/25/1986,2370.169922,2387.360107,2348.01001,4295.128913,2369.179932,26400000
7/26/1986,2366.76001,2383.52002,2344.459961,4313.577045,2363.48999,19090000
7/27/1986,2374.860107,2399.570068,2359.379883,4332.183992,2372.590088,19460000
7/28/1986,2378.550049,2386.649902,2326.98999,4350.95181,2335.800049,18720000
7/29/1986,2243.040039,2303.409912,2230.26001,4369.882592,2278.409912,28680000
7/30/1986,2296.02002,2315.47998,2271.310059,4388.978466,2304.689941,18570000
7/31/1986,2277.129883,2325.139893,2271.159912,4408.241597,2316.050049,21100000
8/1/1986,2328.550049,2347.590088,2299.290039,4427.674191,2320.449951,22570000
8/2/1986,2321.590088,2402.409912,2307.669922,4447.27849,2390.340088,27410000
8/3/1986,2407.530029,2425,2384.800049,4467.056776,2405.540039,22240000
8/4/1986,2401.280029,2428.409912,2352.840088,4487.011372,2360.939941,26140000
8/5/1986,2371.590088,2396.159912,2342.610107,4507.144643,2372.159912,23220000
8/6/1986,2375.98999,2383.810059,2320.600098,4527.458996,2339.199951,22680000
8/7/1986,2323.439941,2358.659912,2305.110107,4547.956881,2338.780029,24670000
8/8/1986,2332.389893,2355.679932,2278.409912,4568.640793,2287.070068,31990000
8/9/1986,2275.709961,2293.889893,2213.639893,4589.513272,2252.97998,41890000
8/10/1986,2285.800049,2307.530029,2243.320068,4610.576904,2282.949951,29570000
8/11/1986,2296.590088,2320.879883,2264.629883,4631.834323,2275.98999,29940000
8/12/1986,2293.179932,2300.570068,2252.560059,4653.288212,2270.600098,18370000
8/13/1986,2257.669922,2341.050049,2240.909912,4674.941304,2337.070068,25980000
8/14/1986,2331.820068,2353.129883,2282.100098,4696.79638,2285.939941,28240000
8/15/1986,2296.310059,2318.610107,2255.820068,4718.856276,2280.969971,27090000
8/16/1986,2261.080078,2279.550049,2221.590088,4741.123881,2235.370117,23910000
8/17/1986,2208.100098,2264.350098,2180.540039,4763.602136,2230.540039,31990000
8/18/1986,2240.629883,2270.73999,2214.060059,4786.294042,2231.959961,27180000
8/19/1986,2248.01001,2283.23999,2228.27002,4809.202652,2254.26001,26840000
8/20/1986,2256.820068,2314.199951,2250,4832.331082,2286.360107,28340000
8/21/1986,2282.23999,2312.219971,2256.679932,4855.682506,2280.399902,20710000
8/22/1986,2275.139893,2305.959961,2255.26001,4879.260159,2286.219971,17170000
8/23/1986,2303.409912,2348.01001,2294.600098,4903.067338,2338.070068,24910000
8/24/1986,2338.209961,2369.889893,2309.939941,4927.107408,2342.189941,31390000
8/25/1986,2343.320068,2368.610107,2315.77002,4951.383795,2334.659912,40460000
8/26/1986,2345.879883,2357.23999,2303.129883,4975.899997,2322.300049,31260000
8/27/1986,2336.75,2380.77002,2297.919922,5000.659577,2307.300049,34560000
8/28/1986,2309.76001,2333.139893,2289.840088,5025.666174,2322.600098,21320000
8/29/1986,2326.929932,2346.850098,2302.110107,5050.923494,2329.679932,21030000
8/30/1986,2336.459961,2349.310059,2307.159912,5076.435322,2325.48999,19050000
8/31/1986,2309.040039,2324.47998,2266.600098,5102.205518,2272.52002,28370000
9/1/1986,2269.199951,2282.909912,2227.050049,5128.238019,2258.659912,24580000
9/2/1986,2275.120117,2280.459961,2205.399902,5154.536844,2221.280029,25050000
9/3/1986,2218.090088,2248.080078,2188.530029,5181.106094,2215.870117,28500000
9/4/1986,2243.790039,2256.060059,2212.77002,5207.949955,2225.77002,20280000
9/5/1986,2234.189941,2258.419922,2220.149902,5235.072697,2243.199951,14140000
9/6/1986,2273.060059,2305.52002,2252.879883,5262.478683,2297.939941,21890000
9/7/1986,2295.659912,2320.23999,2274.27002,5290.172365,2295.810059,20170000
9/8/1986,2298.090088,2323.570068,2265.929932,5318.158289,2310.679932,15610000
9/9/1986,2326,2332.389893,2281.100098,5346.441097,2291.570068,16040000
9/10/1986,2309.620117,2319.780029,2277,5375.025529,2288.22998,15680000
9/11/1986,2287.469971,2306.429932,2260.620117,5403.916428,2278.219971,16740000
9/12/1986,2292.169922,2330.100098,2283.370117,5433.118741,2320.689941,18030000
9/13/1986,2323.419922,2343.449951,2308.709961,5462.63752,2337.080078,13840000
9/14/1986,2335.409912,2346.330078,2312.350098,5492.477929,2326.149902,14120000
9/15/1986,2320.389893,2362.709961,2306.889893,5522.645243,2351.639893,13750000
9/16/1986,2357.100098,2366.050049,2331.77002,5553.144853,2352.699951,16780000
9/17/1986,2362.860107,2389.709961,2328.580078,5583.982271,2353.610107,23320000
9/18/1986,2366.5,2380.459961,2341.929932,5615.163129,2360.129883,17390000
9/19/1986,2379.100098,2399.419922,2360.73999,5646.693186,2377.72998,19610000
9/20/1986,2393.360107,2409.439941,2374.389893,5678.57833,2391.540039,18160000
9/21/1986,2391.330078,2415.360107,2376.100098,5710.824582,2407.350098,19090000
9/22/1986,2412.850098,2427.290039,2390.699951,5743.438099,2407.350098,21560000
9/23/1986,2397.139893,2419.909912,2386.459961,5776.42518,2408.129883,19300000
9/24/1986,2409.699951,2431.850098,2395.26001,5809.792268,2420.850098,33310000
9/25/1986,2428.389893,2457.290039,2417.399902,5843.545955,2445.51001,23430000
9/26/1986,2454.23999,2466.040039,2421.719971,5877.692984,2439.72998,26680000
9/27/1986,2431.280029,2454.080078,2415.340088,5912.240259,2428.409912,20730000
9/28/1986,2438.459961,2460.139893,2430.330078,5947.194844,2451.050049,16770000
9/29/1986,2439.25,2453.919922,2423.629883,5982.56397,2436.860107,16440000
9/30/1986,2437.659912,2460.300049,2423.790039,6018.355042,2446.909912,16890000
10/1/1986,2448.179932,2456.310059,2401.149902,6054.575639,2418.530029,21370000
10/2/1986,2410.080078,2430.800049,2391.26001,6091.233525,2409.76001,18530000
10/3/1986,2425.379883,2446.27002,2415.659912,6128.336651,2436.699951,17820000
10/4/1986,2448.340088,2460.300049,2412.949951,6165.893161,2429.530029,21380000
10/5/1986,2431.439941,2467.629883,2425.060059,6203.9114,2449.780029,24930000
10/6/1986,2452.169922,2476.23999,2432.560059,6242.399916,2463.969971,25010000
10/7/1986,2462.370117,2478.47998,2441.169922,6281.367473,2451.209961,18360000
10/8/1986,2456.469971,2470.5,2435.909912,6320.82305,2455.98999,21150000
10/9/1986,2456.310059,2470.340088,2427.139893,6360.775854,2452.969971,21050000
10/10/1986,2455.840088,2492.97998,2442.600098,6401.235324,2481.350098,24400000
10/11/1986,2468.429932,2502.22998,2455.199951,6442.211138,2483.73999,25820000
10/12/1986,2496.969971,2511.47998,2471.780029,6483.713222,2496.969971,29670000
10/13/1986,2506.219971,2533.639893,2485.649902,6525.751759,2510.040039,32120000
10/14/1986,2497.929932,2512.280029,2476.879883,6568.337195,2487.820068,16540000
10/15/1986,2479.590088,2500.159912,2444.669922,6611.480249,2467.949951,21470000
10/16/1986,2472.580078,2488.679932,2448.5,6655.19192,2470.179932,20330000
10/17/1986,2470.179932,2492.669922,2447.070068,6699.483499,2471.939941,19080000
10/18/1986,2471.939941,2494.899902,2462.530029,6744.366578,2485.330078,15620000
10/19/1986,2486.449951,2511.639893,2468.75,6789.853059,2493.939941,14200000
10/20/1986,2515.149902,2537.149902,2489.320068,6835.955163,2519.77002,27680000
10/21/1986,2522.800049,2548.469971,2501.590088,6882.685446,2539.540039,27380000
10/22/1986,2543.850098,2576.850098,2527.419922,6930.056805,2567.439941,27200000
10/23/1986,2566.48999,2588.330078,2551.02002,6978.082493,2572.070068,20980000
10/24/1986,2547.830078,2585.300049,2536.669922,7026.776128,2557.080078,21750000
10/25/1986,2553.72998,2568.719971,2525.98999,7076.151711,2546.719971,19280000
10/26/1986,2553.409912,2586.580078,2540.97998,7126.223634,2566.649902,24970000
10/27/1986,2570.629883,2600.919922,2551.820068,7177.006697,2594.22998,26900000
10/28/1986,2591.040039,2611.929932,2576.209961,7228.516122,2592,24460000
10/29/1986,2596.620117,2640.149902,2587.850098,7280.767568,2635.840088,21550000
10/30/1986,2646.209961,2691.959961,2635.52002,7333.777144,2680.47998,40090000
10/31/1986,2670.600098,2700.72998,2648.600098,7387.561431,2669.320068,34210000
11/1/1986,2673.949951,2714.919922,2656.570068,7442.137495,2691.48999,27490000
11/2/1986,2675.219971,2713.330078,2660.080078,7497.522905,2685.429932,23050000
11/3/1986,2688.459961,2713.969971,2674.429932,7553.735755,2700.570068,21280000
11/4/1986,2681.919922,2691.01001,2626.590088,7610.794679,2654.659912,28780000
11/5/1986,2645.25,2676.179932,2628.189941,7668.718875,2665.820068,20850000
11/6/1986,2680.639893,2714.600098,2665.969971,7727.528124,2706.790039,23480000
11/7/1986,2709.659912,2735.48999,2689.090088,7787.242815,2709.5,27760000
11/8/1986,2712.370117,2730.550049,2678.889893,7847.883965,2697.070068,18920000
11/9/1986,2709.820068,2746.649902,2694.830078,7909.473248,2722.419922,22900000
11/10/1986,2725.290039,2742.030029,2686.540039,7972.033015,2701.850098,22460000
11/11/1986,2686.540039,2705.52002,2661.350098,8035.586326,2675.060059,19460000
11/12/1986,2669.320068,2680.320068,2632.02002,8100.156973,2639.350098,16750000
11/13/1986,2633.929932,2679.530029,2623.570068,8165.769516,2662.949951,19290000
11/14/1986,2666.77002,2695.469971,2594.070068,8232.449308,2610.969971,21360000
11/15/1986,2606.97998,2631.060059,2567.76001,8300.22253,2602.040039,30630000
11/16/1986,2621.810059,2642.219971,2560.110107,8369.116224,2599.48999,22920000
11/17/1986,2604.110107,2617.189941,2556.280029,8439.15833,2561.379883,14980000
11/18/1986,2551.179932,2571.429932,2493.780029,8510.377723,2545.120117,31810000
11/19/1986,2544.47998,2570.629883,2522.800049,8582.804252,2549.27002,23540000
11/20/1986,2578.129883,2595.5,2549.429932,8656.468781,2576.050049,23530000
11/21/1986,2586.26001,2625.949951,2575.409912,8731.403233,2608.73999,21670000
11/22/1986,2624.360107,2634.570068,2587.850098,8807.640635,2613.040039,15950000
11/23/1986,2607.050049,2610.47998,2560.219971,8885.215169,2566.580078,14930000
11/24/1986,2554.340088,2585.179932,2522.52002,8964.162218,2530.189941,21890000
11/25/1986,2550.100098,2557.280029,2508,9044.518422,2527.899902,19350000
11/26/1986,2539.97998,2554.830078,2514.030029,9126.321735,2524.639893,23550000
11/27/1986,2537.860107,2559.72998,2479.77002,9209.611484,2492.820068,22050000
11/28/1986,2500,2572.620117,2468.98999,9294.428427,2568.050049,25650000
11/29/1986,2577.679932,2602.149902,2554.830078,9380.814827,2585.669922,30450000
11/30/1986,2574.409912,2603.949951,2552.060059,9468.814514,2566.419922,16900000
12/1/1986,2564.459961,2584.040039,2543.72998,9558.472962,2570.169922,13760000
12/2/1986,2602.639893,2634.949951,2574.580078,9649.837368,2601.5,26300000
12/3/1986,2601.5,2627.610107,2569.030029,9742.956729,2590.570068,20650000
12/4/1986,2581.919922,2613.580078,2563.639893,9837.881935,2596.280029,23360000
12/5/1986,2601.5,2648.98999,2593.179932,9934.665856,2639.199951,22200000
12/6/1986,2641.159912,2662.370117,2622.060059,10033.36344,2640.98999,17760000
12/7/1986,2646.540039,2658.780029,2610.969971,10134.03182,2640.179932,19000000
12/8/1986,2623.530029,2632.830078,2542.590088,10236.73042,2548.629883,24370000
12/9/1986,2549.449951,2570.98999,2511.75,10341.52107,2551.080078,25850000
12/10/1986,2555.320068,2561.360107,2491.51001,10448.46813,2516.639893,21960000
12/11/1986,2508.159912,2531.659912,2472.26001,10557.63862,2482.209961,20730000
12/12/1986,2479.439941,2504.899902,2433.909912,10669.10235,2471.439941,19850000
12/13/1986,2499.350098,2528.389893,2456.919922,10782.9321,2508.159912,24890000
12/14/1986,2473.560059,2485.149902,2400.459961,10899.20372,2412.699951,29730000
12/15/1986,2394.419922,2439.780029,2345.629883,11017.99636,2355.090088,38070000
12/16/1986,2363.899902,2396.209961,2207.72998,11139.39261,2246.72998,57270000
12/17/1986,2046.670044,2164.159912,1677.550049,11263.47867,1738.73999,87230000
12/18/1986,1949.77002,2067.469971,1616.209961,11390.34463,1841.01001,91240000
12/19/1986,2016.079956,2081.070068,1951.76001,11520.08458,2027.849976,62980000
12/20/1986,1868.199951,2004.969971,1837.859985,11652.79693,1950.430054,54270000
12/21/1986,1911.140015,1993.869995,1898.540039,11788.5846,1950.76001,34140000
12/22/1986,1864.219971,1881.800049,1774.040039,11927.55533,1793.930054,35420000
12/23/1986,1883.119995,1904.680054,1806.699951,12069.8219,1846.48999,32200000
12/24/1986,1781.329956,1904.51001,1767.73999,12215.50251,1846.819946,38060000
12/25/1986,1863.400024,1971.97998,1849.300049,12364.72101,1938.329956,32390000
12/26/1986,2023.380005,2049.070068,1965.680054,12517.60733,1993.530029,39640000
12/27/1986,1972.650024,2027.52002,1957.22998,12674.29783,2014.089966,23530000
12/28/1986,1963.859985,1988.400024,1891.73999,12834.93565,1963.530029,27340000
12/29/1986,1933.189941,1980.599976,1913.5,12999.67122,1945.290039,25600000
12/30/1986,1927.880005,2011.939941,1920.420044,13168.66268,1985.410034,29880000
12/31/1986,1991.550049,2023.540039,1938.829956,13342.07635,1959.050049,23250000
1/1/1987,1926.060059,1941.810059,1881.959961,13520.08735,1900.199951,21960000
1/2/1987,1863.560059,1911.969971,1845.98999,13702.88012,1878.150024,24260000
1/3/1987,1906.329956,1927.719971,1881.959961,13890.64904,1899.199951,17140000
1/4/1987,1964.849976,1983.920044,1934.839966,14083.59917,1960.209961,28590000
1/5/1987,1957.060059,1973.810059,1923.079956,14281.94694,1935.01001,17070000
1/6/1987,1966.349976,1979.280029,1921.75,14485.92095,1949.099976,16930000
1/7/1987,1927.719971,1939.98999,1888.76001,14695.76285,1922.25,22490000
1/8/1987,1927.719971,1951.920044,1888.930054,14911.7283,1939.160034,18900000
1/9/1987,1920.76001,1941.97998,1881.800049,15134.08794,1895.390015,20280000
1/10/1987,1869.359985,1926.390015,1853.609985,15363.12855,1913.630005,26080000
1/11/1987,1904.180054,1931.859985,1889.26001,15599.15427,1923.079956,13530000
1/12/1987,1945.290039,1985.25,1936.839966,15842.48789,1963.530029,22070000
1/13/1987,1961.869995,1982.589966,1935.680054,16093.47231,1946.949951,16490000
1/14/1987,1936.339966,1955.23999,1907,16352.47216,1910.47998,10500000
1/15/1987,1859.25,1867.369995,1795.26001,16619.87551,1833.550049,30620000
1/16/1987,1860.25,1877.97998,1829.079956,16896.09577,1842.339966,18210000
1/17/1987,1842.670044,1871.52002,1825.27002,17181.57382,1848.969971,16280000
1/18/1987,1851.619995,1859.079956,1772.209961,17476.7803,1776.530029,23440000
1/19/1987,1765.420044,1794.599976,1733.920044,17782.21815,1766.73999,23590000
1/20/1987,1774.869995,1818.140015,1765.75,18098.42543,1812.170044,16280000
1/21/1987,1812.170044,1870.689941,1794.599976,18425.97844,1868.369995,20620000
1/22/1987,1856.599976,1924.900024,1846.650024,18765.49512,1902.52002,25980000
1/23/1987,1858.420044,1923.569946,1835.709961,19117.63892,1855.439941,26520000
1/24/1987,1857.26001,1887.930054,1838.359985,19483.12304,1867.040039,17750000
1/25/1987,1867.209961,1942.310059,1860.410034,19862.71513,1932.859985,24840000
1/26/1987,1938.660034,1969,1916.280029,20257.24258,1941.47998,28390000
1/27/1987,1939.819946,1984.079956,1918.439941,20667.59845,1974.469971,23790000
1/28/1987,1976.959961,1987.22998,1917.439941,21094.74808,1924.400024,23600000
1/29/1987,1939.660034,1982.920044,1924.72998,21539.73648,1975.300049,40310000
1/30/1987,1974.640015,2008.449951,1959.560059,22003.69672,1990.380005,21680000
1/31/1987,1985.579956,1999.670044,1949.27002,22487.85939,1978.449951,20630000
2/1/1987,1990.219971,2019.560059,1977.619995,22993.56321,2005.640015,22830000
2/2/1987,2003.810059,2013.099976,1985.73999,23522.26716,1999.670044,8080000
2/3/1987,1955.569946,1966.180054,1921.920044,24075.56422,1942.969971,13870000
2/4/1987,1942.810059,1951.76001,1918.099976,24655.19701,1926.890015,9940000
2/5/1987,1935.339966,1966.180054,1925.72998,25263.07575,1950.099976,15120000
2/6/1987,1927.390015,1951.26001,1912.630005,25901.29874,1938.829956,15360000
2/7/1987,1952.589966,2030.01001,1950.76001,26572.17602,2015.25,20880000
2/8/1987,2056.370117,2075.27002,2021.390015,27278.25656,2031.5,27200000
2/9/1987,2036.469971,2058.189941,2012.77002,28022.35984,2037.800049,18800000
2/10/1987,2019.890015,2061.51001,2004.640015,28807.61249,2051.889893,21370000
2/11/1987,2046.579956,2058.689941,1898.040039,29637.49103,1911.310059,27440000
2/12/1987,1934.349976,1985.25,1886.939941,30515.8719,1945.130005,23390000
2/13/1987,1935.180054,1950.76001,1877.97998,31447.09034,1928.550049,23610000
2/14/1987,1912.140015,1959.550049,1884.949951,32436.00983,1924.72998,24710000
2/15/1987,1922.910034,1940.150024,1894.060059,33488.10456,1916.109985,16650000
2/16/1987,1971.319946,1988.400024,1942.469971,34609.55771,1956.069946,36570000
2/17/1987,1961.699951,1977.449951,1938.98999,35807.3792,1963.859985,11700000
2/18/1987,1944.130005,1977.290039,1923.410034,37089.5476,1936.339966,19160000
2/19/1987,1922.25,1934.849976,1858.589966,38465.18214,1879.140015,24070000
2/20/1987,1892.410034,1903.349976,1845.98999,39944.75238,1879.310059,19420000
2/21/1987,1892.900024,1911.800049,1876.160034,41540.33562,1903.51001,13440000
2/22/1987,1904.839966,1960.540039,1897.050049,43265.93511,1946.449951,23050000
2/23/1987,1938,1957.72998,1906.5,45137.87625,1920.589966,16720000
2/24/1987,1926.859985,1951.76001,1889.420044,47175.30412,1911.140015,23070000
2/25/1987,1921.579956,1944.130005,1904.339966,49400.81344,1930.040039,18430000
2/26/1987,1941.969971,1967.670044,1921.089966,51841.25381,1958.219971,23320000
2/27/1987,1972.810059,1985.410034,1935.839966,54528.7694,1944.630005,35260000
2/28/1987,1938.48999,1965.02002,1921.089966,57502.1561,1952.920044,19600000
3/1/1987,1950.430054,1971.97998,1907,60808.65405,1924.569946,25640000
3/2/1987,1923.900024,1941.47998,1902.849976,64506.34646,1923.569946,52810000
3/3/1987,1923.23999,1940.319946,1906.319946,68667.41519,1910.47998,21080000
3/4/1987,1894.72998,1911.140015,1878.150024,73382.6291,1895.719971,14550000
3/5/1987,1900.359985,1921.579956,1885.780029,78767.63936,1914.459961,14960000
3/6/1987,1923.900024,1967.839966,1916.780029,84971.98037,1962.040039,27570000
3/7/1987,1963.359985,1982.430054,1942.810059,92192.21781,1961.540039,19400000
3/8/1987,1964.849976,1995.689941,1958.060059,100691.6228,1983.26001,16550000
3/9/1987,1981.930054,2010.439941,1969.829956,110830.4257,2005.969971,15890000
3/10/1987,2006.630005,2026.189941,1982.589966,123113.809,2000.98999,25030000
3/11/1987,1995.52002,2011.939941,1972.810059,138270.819,1986.410034,18330000
3/12/1987,1983.75,2018.900024,1973.310059,157389.6384,2014.589966,23910000
3/13/1987,2010.939941,2051.719971,1998.670044,182161.1366,2040.290039,24230000
3/14/1987,2039.290039,2057.030029,2017.23999,215343.8163,2039.119995,21420000
3/15/1987,2040.780029,2061.340088,2022.880005,261716.7756,2039.949951,24330000
3/16/1987,2040.280029,2078.080078,2006.959961,330212.4462,2017.569946,28970000
3/17/1987,2020.219971,2034.810059,2005.140015,439252.7058,2023.209961,14730000
3/18/1987,2029.670044,2074.600098,2017.23999,632195.6454,2071.620117,20080000
3/19/1987,2074.929932,2086.870117,2048.570068,1031866.98,2070.469971,23630000
3/20/1987,2080.570068,2094.5,2058.189941,2096616.443,2071.290039,19920000
3/21/1987,2073.110107,2085.379883,2048.409912,6492416.952,2063.48999,18370000
3/22/1987,2058.679932,2076.76001,2033.48999,48643894.83,2057.860107,16650000
3/23/1987,2052.550049,2069.300049,2034.150024,2414872399,2056.370117,14100000
3/24/1987,2064.320068,2090.02002,2055.040039,5.83402E+12,2081.070068,19490000
3/25/1987,2079.080078,2094.159912,2064.48999,3.40358E+19,2074.27002,18150000
3/26/1987,2073.939941,2081.399902,2020.719971,1.15844E+33,2026.030029,18120000
3/27/1987,2031,2049.070068,1996.52002,1.34198E+60,2034.97998,17190000
3/28/1987,2033.97998,2056.699951,2023.040039,1.8009E+114,2050.070068,11470000
3/29/1987,2049.22998,2062.169922,2030.170044,3.2433E+222,2047.410034,13280000
